Trial,SLIM_w,RP3b_w,ItemKNN_w,Accuracy_val,Accuracy_test
0,0.3160259968363524,0.34908907760975655,0.3348849255538911,0.0781321971366291,0.09458332336665659
1,0.3352442074193903,0.2678048361346706,0.3969509564459391,0.07833673248642899,0.0944691270202688
2,0.010430411347819538,0.3673485380255224,0.622221050626658,0.0754646156139965,0.09007057140238564
3,0.4567433057344608,0.38773103733100533,0.15552565693453385,0.07815200764632714,0.09468897803149486
4,0.5106268146702291,0.09287070537326444,0.3965024799565065,0.0778399336621111,0.0943070631318142
5,0.8579745110456993,0.022471864103009036,0.11955362485129165,0.07700309475814571,0.09432879338659768
6,0.2704352275345537,0.09839933186264131,0.631165440602805,0.07698888978693896,0.09195952351079319
7,0.7169708868431252,0.16557109042537732,0.11745802273149758,0.07825445255932066,0.09512013240280567
8,0.2997152521476784,0.4972316994969421,0.20305304835537946,0.07755920075558446,0.09409238708454043
9,0.41028091799325983,0.5525669682116557,0.037152113795084575,0.07677952428592041,0.09351463797537936
10,0.32276946676852447,0.4099622062763972,0.2672683269550784,0.07811867752476152,0.09454216703932822
11,0.4951821221947712,0.4067923085816496,0.09802556922357909,0.07790614382170818,0.09451417404640777
12,0.42065816102804865,0.05704090840200103,0.5223009305699503,0.07767837276644932,0.09321846011288197
13,0.4161482318910743,0.24869100401167113,0.33516076409725465,0.07840939290078283,0.09495469062370174
14,0.4162637576903222,0.13981321631169202,0.44392302599798583,0.07817857063345712,0.09430270169741009
15,0.34444862303708385,0.2430892876382762,0.41246208932463985,0.07826299408478084,0.09438026245750379
16,0.21537128485481602,0.25780834909085104,0.5268203660543329,0.07769401884864806,0.09328138657235473
17,0.3051930826086261,0.27475200948671347,0.4200549079046605,0.07817697610694342,0.09424998286983835
18,0.18462245809230232,0.4540171323779085,0.3613604095297891,0.07743470249866534,0.09341551882215966
19,0.3317686663017374,0.2493914720941974,0.41883986160406517,0.07828767849191422,0.09435994048684791
20,0.2644755261891736,0.42886941458322086,0.30665505922760555,0.07789118726951323,0.09418973452163244
21,0.3548431675747559,0.2425899036816373,0.4025669287436067,0.07838260098797066,0.09447425840743356
22,0.34854224043895565,0.2776507250868404,0.37380703447420394,0.07828456660321535,0.094678393064102
23,0.4244692964383835,0.1554279781914312,0.4201027253701854,0.07824860700508333,0.09445440855112656
24,0.32445856930969147,0.3957775684624868,0.2797638622278218,0.07821448471069789,0.0945642047091436
25,0.5078398977135922,0.18956213988995707,0.30259796239645065,0.0784387232812358,0.0951263365780057
26,0.5434829847563577,0.184634429524213,0.27188258571942936,0.07833819336465524,0.0952788533956999
27,0.623795524390872,0.13030899386033276,0.24589548174879525,0.07826526764152146,0.09521641263050087
28,0.3841454553198141,0.2580523637697739,0.357802180910412,0.0783266158474767,0.0948045031944673
29,0.5900914662281399,0.14284245936786819,0.267066074403992,0.07843737325135612,0.09523312146364953
30,0.690673251453675,0.10729338813985023,0.20203336040647488,0.07804606814105798,0.09511872037639423
31,0.5208548565880885,0.22216903808397215,0.25697610532793935,0.07865497624678976,0.09520472431273307
32,0.49787170123099594,0.2310898656646844,0.27103843310431963,0.07865410939752704,0.09516349079321855
33,0.522836341876748,0.21277793713679624,0.2643857209864558,0.07861636948833331,0.09524899377465779
34,0.6609243577046182,0.1729744600144278,0.16610118228095416,0.07858717391746547,0.09517950598921372
35,0.5522652610011833,0.23214410387257423,0.21559063512624238,0.07849538186876652,0.09525282008422781
36,0.6724438643046543,0.1478279102500756,0.17972822544527023,0.07824998002069793,0.09519260240261197
37,0.6985463127345621,0.1437194173346672,0.15773426993077064,0.07828178151903366,0.09515151050216526
38,0.6101128877380334,0.2241165810428602,0.16577053121910645,0.07849716882088759,0.09528132002814717
39,0.4156006638750163,0.24712610369365223,0.3372732324313314,0.07842417082589975,0.0949252075531167
40,0.5549124105834502,0.18792865887492835,0.2571589305416215,0.07844163811784008,0.09538463979719718
41,0.5863706328836625,0.23407877129948781,0.17955059581684962,0.07836414185215491,0.09524349380247024
42,0.6567129251519253,0.21821633662699141,0.12507073822108325,0.07832006662443497,0.09516805780644823
43,0.4780332459575019,0.2671124561233751,0.254854297919123,0.0787244314869135,0.09513348902561561
44,0.47728627862710504,0.27329969280036726,0.24941402857252773,0.0787065624526547,0.09518226528882043
45,0.47185963450302476,0.280935402452905,0.24720496304407022,0.07874494651854146,0.09517002032083954
46,0.45275271282454616,0.2847401757641984,0.26250711141125543,0.07870385855683089,0.09507121919051184
47,0.3205119612617397,0.4059526740390676,0.2735353646991927,0.07816645094258125,0.09452621023510344
48,0.4461510416311171,0.42482865384284857,0.12902030452603447,0.07775039621111567,0.09459292879836326
49,0.3490182034796505,0.29792135364231453,0.353060442878035,0.078294386122251,0.09466463737635959
50,0.4064526613294467,0.3693059283815596,0.2242414102889937,0.07836070036198857,0.09485661518791781
51,0.48246121788139323,0.23864359926990325,0.2788951828487035,0.07864081681416192,0.09520755053529899
52,0.5113659511274659,0.27389193334650114,0.21474211552603298,0.07854151329898375,0.09517002943153181
53,0.40427334324840675,0.3475945134631501,0.2481321432884431,0.07849326141369344,0.0948763843617358
54,0.43895015490706474,0.288468806916851,0.2725810381760842,0.078693434173414,0.09512946764717119
55,0.3531886756357264,0.34565278501746843,0.30115853934680525,0.07832450468621314,0.09470318090435635
56,0.39023165545086763,0.3259685385483289,0.28379980600080346,0.0784340659490033,0.09488014903974555
57,0.36467378111673504,0.2709406680370152,0.3643855508462498,0.07826706657712636,0.09471533376931808
58,0.43471949592557224,0.3207924630788038,0.244488040995624,0.07854058293013576,0.09504574080919584
59,0.44701232755866177,0.29106965903752907,0.2619180134038092,0.07866938022934858,0.0950914240482013
60,0.4653899611886097,0.3054018130413174,0.22920822577007288,0.07861148629093193,0.0950606040214944
61,0.49173847301929186,0.2968873098560301,0.21137421712467813,0.07862797932564854,0.09508274509610193
62,0.41245616165344495,0.262986048711473,0.324557789635082,0.07829924839634968,0.09496571993559316
63,0.4979317582401178,0.2253958741932987,0.2766723675665834,0.0785595615989879,0.09515134804600668
64,0.4801565722626419,0.27638197787183194,0.24346144986552615,0.0787373245094183,0.09516026297429285
65,0.41971301619062806,0.28197124407193325,0.2983157397374387,0.07856880517237287,0.09501931800350086
66,0.3984011882050342,0.38772002530267746,0.21387878649228834,0.07825320754764434,0.09479701753417283
67,0.45007351010190844,0.27989175741243216,0.27003473248565946,0.07870625145463066,0.09512410909675598
68,0.3749851406860728,0.3446283241508695,0.28038653516305767,0.07840209131676426,0.09477191015722823
69,0.5251169205696077,0.2477584247290343,0.22712465470135806,0.07849901364163364,0.09522650056385386
70,0.5508527260529513,0.26853396367752486,0.18061331026952374,0.07849482362563975,0.09495880272410953
71,0.47768059836125304,0.26284200496991417,0.25947739666883274,0.0787168852570562,0.09511679612661898
72,0.49172845324977904,0.24446835738629918,0.2638031893639217,0.07862774163670046,0.09514955766535571
73,0.43748687893357685,0.2918174954311094,0.2706956256353138,0.07865381909910268,0.0951223216441783
74,0.5108908475138507,0.2608367610126487,0.2282723914735006,0.07852785514023584,0.09527544226694469
75,0.41123572980412826,0.2593975756128143,0.3293666945830575,0.0783369155698847,0.0949018097196636
76,0.3552378254617843,0.2754254803596166,0.36933669417859905,0.07824091209648366,0.09469962793158294
77,0.48187874282853704,0.23558610829866447,0.28253514887279846,0.07859736560876035,0.09518093666113467
78,0.4753626781472965,0.3054349748425276,0.219202347010176,0.0785922803642257,0.09510022968512491
79,0.5265693769439862,0.2497888467740492,0.22364177628196477,0.07848262104080538,0.09520978093353966
80,0.4756082515856384,0.2629878103783234,0.26140393803603806,0.07869723488712169,0.09512318116151186
81,0.4739105810452258,0.26340175020270634,0.2626876687520678,0.0786884464172409,0.09512409655789292
82,0.47292601483297425,0.3004302527571096,0.22664373240991614,0.0786068596451375,0.09510270107206814
83,0.45188326760176717,0.3034985494477197,0.24461818295051324,0.07860666006863135,0.09503166843053741
84,0.5466934042644255,0.24857002643225598,0.2047365693033185,0.07854301471798122,0.09520051467312451
85,0.48611138657600034,0.2232901698495662,0.2905984435744334,0.0785715801320162,0.09515531084186037
86,0.4680267765836628,0.2228183412099148,0.30915488220642234,0.0785541200002146,0.09508592249075433
87,0.3718238186550061,0.3485943443283414,0.2795818370166525,0.07836797910176606,0.09478965399271748
88,0.5612407122720294,0.24501609828402685,0.1937431894439438,0.07843197691322533,0.09522511578490339
89,0.4066306254142466,0.23225970183140068,0.3611096727543527,0.07822231852171917,0.09475355381651888
90,0.5593728741134829,0.2597777903849895,0.18084933550152762,0.0784531546338764,0.0950364037405267
91,0.4594712163871785,0.26692704574697457,0.2736017378658468,0.07864400961270103,0.09516697623939092
92,0.5094994929784278,0.24572995088353144,0.24477055613804083,0.07862766164670242,0.09524668927971983
93,0.5120111547850302,0.23485864476492227,0.25313020045004747,0.07865912721906644,0.09525312425154743
94,0.44141907969384375,0.2576522232085966,0.30092869709755976,0.07856136656448658,0.09518405643410496
95,0.44736511482319197,0.3229441530463042,0.22969073213050384,0.07856780473048369,0.09508541424789382
96,0.4407983754918164,0.2615742316836014,0.2976273928245822,0.07857382955707148,0.09517861178977709
97,0.46330671564424886,0.2514861748919252,0.285207109463826,0.0786878575927827,0.09519281363479287
98,0.40699412641320587,0.29172251157993456,0.30128336200685957,0.07855569276389625,0.09500483674946704
99,0.5439684491252882,0.22814694085393153,0.22788461002078028,0.0785821026646644,0.0952477563381809
100,0.4603296196280453,0.3308635420797522,0.2088068382922025,0.07854043372060147,0.09502038418555475
101,0.44952470674015443,0.2842962972823094,0.2661789959775362,0.0786765314169643,0.09508279692138127
102,0.4312655452845126,0.26001916495935457,0.3087152897561329,0.07851590563483535,0.0951099641854734
103,0.44620854461855897,0.2376797090493886,0.31611174633205247,0.07843238653557036,0.09500037840021257
104,0.40743350139746753,0.3188974005786435,0.27366909802388895,0.07852420404509951,0.09502670864613172
105,0.5407135915516378,0.2317929823441366,0.2274934261042256,0.07858254598089078,0.09524485790340023
106,0.3912856453555458,0.2600089713269779,0.3487053833174764,0.07829312385613002,0.09484192432203899
107,0.5229101774308371,0.255492850817066,0.22159697175209694,0.07847065496233224,0.09524303730033178
108,0.44333903614007514,0.3061292313205161,0.25053173253940875,0.07863118306619997,0.09499528490351063
109,0.45512433188412943,0.2632515777155171,0.28162409040035347,0.07866351035575064,0.09519384879413688
110,0.4705632006087303,0.26953124586863514,0.2599055535226345,0.07875475157764163,0.09508800294650899
111,0.4633169070612505,0.27163189692832,0.2650511960104295,0.07864505514063437,0.09510959692598023
112,0.44572124493899634,0.2998771740652723,0.25440158099573135,0.0786507333140598,0.09506256493943972
113,0.5076257565891292,0.26926945953935416,0.2231047838715166,0.07850425590012368,0.09517986685435516
114,0.46154871186426655,0.2732232942281723,0.2652279939075612,0.0786633114833469,0.09511468059919405
115,0.5354303898781233,0.19428180135789022,0.27028780876398645,0.07840027046478056,0.09523842135702221
116,0.46415218446705403,0.2895010559982139,0.24634675953473206,0.07867297188362932,0.09511006362551071
117,0.41296527786552073,0.3345543035178778,0.25248041861660153,0.07845501751635339,0.09495899745667627
118,0.6266843277591656,0.19610303345869476,0.17721263878213966,0.07855670572956187,0.09525575969187484
119,0.45909182874072463,0.2535110213104837,0.2873971499487916,0.07861868663096533,0.0951863193981155
120,0.4955547219489159,0.2854321025053134,0.21901317554577066,0.07856687527513444,0.0951117127632114
121,0.45167314382398654,0.28603431312979727,0.2622925430462162,0.07870086430428085,0.09506951886730945
122,0.4271981589042141,0.2947506084255649,0.2780512326702212,0.07859558535477419,0.09506766710615183
123,0.4494894117842715,0.30186902106459923,0.24864156715112937,0.07864429505546819,0.09508249750452384
124,0.507463825612961,0.2153129583541575,0.27722321603288147,0.07855732678294115,0.09516930056683556
125,0.38657350861512696,0.27912858509337435,0.3342979062914987,0.078329344574529,0.09486489210957531
126,0.445754928041141,0.32462230705903805,0.22962276489982106,0.07858934338463545,0.09508839881290197
127,0.44937205259708135,0.239165042010493,0.31146290539242555,0.07850825380054245,0.09502862359169907
128,0.42758492648440993,0.31539107587623877,0.2570239976393513,0.07857985384704891,0.09501614373218813
129,0.5530499883428104,0.2119519534836354,0.23499805817355418,0.0784856925302102,0.09529526493845115
130,0.43223662634080634,0.3553912699964315,0.21237210366276218,0.0783820919521614,0.0948911043610015
131,0.45374916235234974,0.2836432002450444,0.26260763740260584,0.0787335494411688,0.09506783537199515
132,0.47013857255839636,0.28555050515913255,0.24431092228247114,0.07869319435936126,0.09515972041643962
133,0.4765559401698753,0.28232513219877664,0.24111892763134796,0.07869914251608531,0.09520560929383338
134,0.4761607040424556,0.282671325091186,0.24116797086635833,0.07869858525361485,0.09521343065395867
135,0.4993491352935991,0.2717273312281734,0.22892353347822747,0.07853723651274852,0.09518924448898859
136,0.4153195042818479,0.3198900444554121,0.26479045126274,0.07858717229422772,0.09498493606231262
137,0.4963680367706101,0.2798695399902789,0.22376242323911089,0.07865732820249087,0.09518665933151402
138,0.4303748590533132,0.32270869774868133,0.2469164431980055,0.0785375216302762,0.0950420584013125
139,0.47828499121908474,0.2949339346829679,0.22678107409794748,0.0786297335255922,0.0950822957893507
140,0.4467299089625417,0.31399699145400584,0.23927309958345244,0.07859031559724472,0.09502793472499528
141,0.4693868973243849,0.28541297918799835,0.24520012348761683,0.07868849384255834,0.09515369909999645
142,0.45890025014937563,0.2935498542791493,0.24754989557147503,0.07867343870802107,0.09507410915035774
143,0.47406471163095615,0.2801967126974132,0.24573857567163057,0.07875375462489616,0.09519005770935339
144,0.4867160091954192,0.2736876195680359,0.23959637123654498,0.07862755249633216,0.09517538225613442
145,0.45866276633342645,0.27498176974792804,0.2663554639186455,0.07862798812207716,0.09508731495333957
146,0.510737624021844,0.2251899445048907,0.2640724314732654,0.07864131249095052,0.09519909288366124
147,0.5227321437395612,0.2572878871933887,0.21997996906705022,0.07848790399037481,0.09523131290768377
148,0.44534668905371644,0.29458962287084717,0.2600636880754364,0.0786253746400399,0.09507004085928301
149,0.47401453559879925,0.2871753867710246,0.23881007763017628,0.0786786130943049,0.0951825900849568
150,0.4070458635702811,0.3119061028652327,0.28104803356448615,0.07862343915182321,0.09503579277231546
151,0.475634792533741,0.2786816048350349,0.24568360263122402,0.07878720835193426,0.09519787897642516
152,0.48669804055056476,0.2788439308909821,0.23445802855845305,0.07868082015221634,0.09516147936916662
153,0.5135312365713127,0.24385487691371097,0.2426138865149763,0.07858488305162172,0.09525965906566197
154,0.42165645777460947,0.28622281138326955,0.2921207308421211,0.07862877754152027,0.09502498932897992
155,0.42388207519653237,0.2921977940958944,0.2839201307075733,0.07863269066894897,0.09504142637592106
156,0.5022475176524304,0.30251563883285915,0.19523684351471057,0.07852393765142973,0.09501431578280434
157,0.4903225407861943,0.22548983834220188,0.2841876208716039,0.07857792020170082,0.0951827544681949
158,0.5416847754063666,0.2293876900111013,0.22892753458253207,0.07858551856532209,0.09523600571049902
159,0.4530203443053883,0.3100620534862871,0.23691760220832464,0.07858824850814351,0.09507822898367725
160,0.5535378824106871,0.19440414722346816,0.25205797036584465,0.07844773331229202,0.09531981162472679
161,0.4689767330329702,0.28984225274958203,0.2411810142174477,0.07867913126893036,0.09516661811512649
162,0.43909887495038,0.3027457876762304,0.25815533737338947,0.07862666851614432,0.0951063361587313
163,0.4981751937140984,0.2840161116291662,0.2178086946567355,0.0785766302809785,0.09514634005178205
164,0.4435774523927287,0.2822773498269674,0.27414519778030383,0.07873134679907931,0.09514627042282559
165,0.4502292914851381,0.27382497632804953,0.2759457321868124,0.07864848145600666,0.09513998632864426
166,0.42436125096523836,0.2729311725124027,0.302707576522359,0.07854811972535804,0.09508086600889416
167,0.4578831181762043,0.271181253641732,0.27093562818206374,0.07865471417381772,0.09510859986056305
168,0.357275007509171,0.30905210488547735,0.3336728876053516,0.07839524130127126,0.09469178725185211
169,0.45708532761122045,0.31445275861576144,0.22846191377301808,0.07857158079279734,0.09507268477811089
170,0.446476415003576,0.3569303906503636,0.19659319434606037,0.07854635536333075,0.09489263432590048
171,0.4700150889770061,0.28022740469770124,0.2497575063252926,0.07876185504207633,0.09515993288299081
172,0.43409941988044015,0.28265198995268154,0.28324859016687837,0.07872000203834348,0.09511205799343189
173,0.4430747251397148,0.2890649923566412,0.26786028250364396,0.07868967919467558,0.0951132668716023
174,0.4728299245909649,0.2494288639032184,0.27774121150581677,0.07870331053674591,0.09521718981153687
175,0.46616802203019764,0.25731834652722985,0.27651363144257257,0.0786399291853616,0.09517447389855732
176,0.4902350229865092,0.2639030398292205,0.2458619371842703,0.07862135373677377,0.0951824538600542
177,0.4694471314145603,0.24622385860994858,0.28432900997549115,0.07860676071870579,0.09517691445342637
178,0.4841780400557955,0.26284778878762544,0.25297417115657905,0.07868609197602719,0.09515949133623465
179,0.39299543244950264,0.26346655136561514,0.3435380161848822,0.0783255529772682,0.09487070981856582
180,0.5182449429046153,0.27545070808983707,0.20630434900554767,0.07857120635563176,0.09508970860608924
181,0.4910300909166804,0.2620987781818701,0.24687113090144952,0.07861038093200266,0.09519444644621326
182,0.4682022911576833,0.25267734990186275,0.27912035894045395,0.07861776440984607,0.0951941120752093
183,0.48168883179758365,0.25434221727250395,0.26396895092991246,0.07869265577727058,0.0951000210734124
184,0.32573969358732435,0.3527456412864803,0.3215146651261953,0.07826767298157068,0.09467908523257439
185,0.45011305514263744,0.28609518368638714,0.26379176117097536,0.07870899420548243,0.09509434021153285
186,0.44115917480826566,0.2934531171545015,0.26538770803723283,0.07862826512134209,0.09509872526236421
187,0.4872170280263144,0.267594461833971,0.24518851013971468,0.07864585534400606,0.09516375037563521
188,0.4335187625299344,0.2818780545685687,0.28460318290149705,0.07872370360726252,0.0951066726000271
189,0.44336889877077434,0.2582938813800101,0.2983372198492157,0.07857964104174629,0.09520844419164227
190,0.40953783732130455,0.2815448514599171,0.30891731121877825,0.07849633342266951,0.09499810869655807
191,0.4737340785504587,0.27928777214241324,0.2469781493071282,0.07874725750716179,0.09518793256249959
192,0.43671176943006473,0.30161433089523904,0.26167389967469623,0.07862397022804068,0.09508650330968872
193,0.4829405156186675,0.26786300328949686,0.24919648109183576,0.07870830212327572,0.09511766712365735
194,0.48548390801320374,0.2514522935216097,0.2630637984651865,0.07861142380239103,0.09510558603773125
195,0.43152085165181003,0.307181468437413,0.26129767991077696,0.07860437590556307,0.09507210501543441
196,0.2706937099954738,0.3561020427271499,0.3732042472773763,0.0780336895522885,0.09413562271114308
197,0.4945719010205256,0.24841869122542232,0.2570094077540521,0.07857529556921228,0.09521527331642915
198,0.5905236887078554,0.05722626270054725,0.3522500485915973,0.07796394033914189,0.09420226562314812
199,0.5305134588824036,0.25152167849966467,0.21796486261793166,0.07849779366017641,0.09515757396134022
200,0.42763598427921334,0.2871674533585273,0.2851965623622593,0.07864514586947467,0.09506673371737938
201,0.4754878277706124,0.27820294228998654,0.24630922993940116,0.07877243033674909,0.09518281986541367
202,0.4687525790506988,0.28145216405313905,0.24979525689616222,0.07872604737291282,0.09513686983026144
203,0.48339486446094176,0.272582399898526,0.2440227356405323,0.07864775455798421,0.09516015221180132
204,0.49741803419116043,0.2813112098604893,0.2212707559483502,0.07856493734326267,0.09512983537487847
205,0.4694446906941116,0.259313831842909,0.2712414774629794,0.07864586664593531,0.09517272419061408
206,0.4026888500928929,0.34119864826155827,0.2561125016455489,0.07852308971305134,0.09487814219047751
207,0.5263713295703324,0.24539256555151978,0.22823610487814783,0.07848731785342582,0.09519903892980716
208,0.42412991405995515,0.29269072647550864,0.28317935946453615,0.0786254393492356,0.09504726811324389
209,0.5001628088071082,0.252168336477676,0.24766885471521577,0.07859634573758212,0.09516589201405708
210,0.4641112864394105,0.27804896989491884,0.2578397436656706,0.07878931215750257,0.09505390892343005
211,0.468077423431389,0.2770800414786694,0.25484253508994165,0.07883609577311691,0.09507485593071484
212,0.4326924625423092,0.3008168108846286,0.26649072657306216,0.07860404472908455,0.09508058567719829
213,0.45762963443662297,0.31653673089089074,0.22583363467248627,0.07854010974322052,0.095071366424414
214,0.4684185899780717,0.2537953542831651,0.2777860557387632,0.0786346789946971,0.09521192211780265
215,0.4664185130311223,0.29209145918268986,0.24149002778618767,0.07866469738918257,0.09512047061154949
216,0.43278017118116163,0.28151411391681386,0.2857057149020245,0.0787229191709876,0.09512459198939514
217,0.4486169828237731,0.24358227111728545,0.30780074605894153,0.07853580330141044,0.09508700125416189
218,0.5847360482092379,0.3618993814513168,0.05336457033944535,0.07782572964177163,0.09460265992675147
219,0.47653761196441574,0.28484469745102436,0.23861769058455987,0.07868420353372424,0.09520753040472864
220,0.5181965398835743,0.2430495375323477,0.23875392258407815,0.07855042372276247,0.09522848840547295
221,0.45003292505175313,0.28675097081387324,0.2632161041343737,0.0787082548947178,0.09507368160899937
222,0.4488820941285777,0.2960669292429744,0.25505097662844783,0.07862782077816656,0.0950369876648554
223,0.4350788768971875,0.29151279502704225,0.27340832807577026,0.0786646732491202,0.09511453666814487
224,0.4759060238653997,0.28273657607630975,0.24135740005829048,0.07869878443308764,0.09521370834031948
225,0.4223925767118471,0.30071419703323876,0.27689322625491425,0.07861781518243634,0.09505850328575689
226,0.03284044923272997,0.4744153347272506,0.4927442160400194,0.07612995000226044,0.09113975557819276
227,0.48909060043394054,0.29147867933158067,0.2194307202344788,0.07866220618492904,0.09512237473933807
228,0.46384938844097295,0.27312987020601454,0.2630207413530125,0.07869667369632645,0.09509864641171008
229,0.2385331757684636,0.590071914392539,0.17139490983899736,0.07669677757978673,0.09334337806682994
230,0.4473840811075541,0.3014040377872697,0.2512118811051762,0.07862258613351093,0.09504087642894106
231,0.4683466835979686,0.2786913502656587,0.2529619661363726,0.07877971659017335,0.09513859354014162
232,0.4886979651928688,0.2579362406373244,0.2533657941698068,0.0786245892047555,0.09517809170485675
233,0.2847012698128152,0.15209293084794556,0.5632057993392393,0.07754175200835671,0.09299423567553922
234,0.4356458648526423,0.30447627083740486,0.2598778643099528,0.0786299677780373,0.09507653440820978
235,0.45507735114424297,0.27451242808125426,0.2704102207745027,0.07866600915184793,0.09512172071547038
236,0.423021175481534,0.19638959222682167,0.3805892322916443,0.07829116205485381,0.0947395789629539
237,0.4439090548333804,0.3151612338829997,0.24092971128361979,0.07857742245755119,0.09500139722973731
238,0.4485484937525207,0.3077775551032762,0.24367395114420304,0.07860748306670863,0.0950337089433279
239,0.5190486549542386,0.22441645831100415,0.25653488673475733,0.07868870200371036,0.0952114773805825
240,0.419562204925028,0.2889693536381323,0.2914684414368397,0.0786596280697547,0.09503190349420207
241,0.6279162933236776,0.0009436960210602682,0.37114001065526214,0.07762097522259084,0.09382747159922795
242,0.4819433690620026,0.2700585029887411,0.2479981279492564,0.07868072228365143,0.09510222099780989
243,0.46702568407386247,0.2809610100721619,0.2520133058539756,0.07874687206470712,0.09513112973093972
244,0.4503059757507477,0.28085902960761305,0.2688349946416393,0.07868974659832574,0.09511069471707677
245,0.4801769184799752,0.2926627216295525,0.22716035989047242,0.07861236128098421,0.09508725406769869
246,0.4974745811501703,0.2806632069445347,0.22186221190529484,0.07857107335584497,0.09513061947806797
247,0.48188491575864983,0.2539596011401325,0.2641554831012176,0.0786902622360582,0.09510302245299118
248,0.4485568900531008,0.29674721991832353,0.25469589002857557,0.07862413390163663,0.09503480570350525
249,0.5040681925984232,0.12151717484231797,0.3744146325592589,0.07802844191096638,0.09469033908712796
250,0.48332348746488013,0.30147307793245265,0.2152034346026673,0.07862802283743764,0.09510234457805945
251,0.45421499685890826,0.2725880252890986,0.2731969778519932,0.07866309154724886,0.09511191789155642
252,0.3077825781862462,0.47857523235094046,0.2136421894628134,0.07762401713581642,0.09423440229976539
253,0.6468458248221277,0.1499844876943525,0.20316968748351988,0.07833678227611433,0.09519366425630735
254,0.509622568897447,0.2443601180375427,0.24601731306501037,0.07862050164506496,0.095229275942324
255,0.5581696212608379,0.2648376881085248,0.17699269063063733,0.07852489830122979,0.09500473468623748
256,0.411492694586809,0.30696856682321216,0.28153873858997885,0.0786371436455508,0.09502100890533229
257,0.4753283661330973,0.30314998444241764,0.22152164942448502,0.07858055632464787,0.0951274554031077
258,0.562647437851356,0.20122344408023543,0.2361291180684085,0.07851456173332161,0.09533990353318643
259,0.3809179339592147,0.37705248882420483,0.24202957721658036,0.07828480650332154,0.09478782991411282
260,0.4243618276895448,0.3169595647338748,0.2586786075765804,0.07858855159080338,0.09499564786515885
261,0.4740707738264927,0.28857504278368873,0.23735418338981848,0.0786790772141536,0.09516817573164714
262,0.5147012513791974,0.22257497803475007,0.2627237705860525,0.07864610043905483,0.0952131580531331
263,0.6742132449477795,0.1687323060269853,0.15705444902523527,0.07849960234087211,0.09517571028762849
264,0.34016026223641527,0.36059911333538225,0.2992406244282025,0.0782263729042766,0.0947279209033945
265,0.4486651429398238,0.2582887117532746,0.29304614530690154,0.07865496875868304,0.09521415670227944
266,0.39323798473574995,0.22405672284783038,0.3827052924164197,0.07826889802564951,0.0946542808333282
267,0.31631694286790507,0.22568967164044576,0.4579933854916492,0.07820292105682315,0.09401285473761774
268,0.4396527532833692,0.2970496406861695,0.26329760603046126,0.07861343879869255,0.09507096746550912
269,0.5007261992380467,0.25814717639473816,0.24112662436721513,0.07863104629874466,0.0951868738006058
270,0.4536139842433698,0.2970679806323496,0.2493180351242806,0.07866628836109112,0.09509046539016784
271,0.5734896177700947,0.22628158276476631,0.20022879946513908,0.07847550238896062,0.09532925178160619
272,0.4720830766212219,0.23507094847422885,0.29284597490454917,0.0784432187155092,0.09519300328970784
273,0.44069788614925304,0.30812520775988517,0.25117690609086185,0.07864571369915502,0.09501009284620036
274,0.50823871848388,0.24876317002908507,0.24299811148703493,0.07861680531757576,0.09521841711570055
275,0.5131461709922781,0.28305522195308236,0.20379860705463954,0.07855842043345634,0.09507611748076744
276,0.4249375321418658,0.3211870975865623,0.253875370271572,0.07855578974132969,0.09495973708708273
277,0.3112754166198747,0.17793740236259387,0.5107871810175316,0.07808475797561047,0.093707270223727
278,0.5234523086038609,0.2412699841752706,0.2352777072208685,0.07848512170561413,0.09515051595451246
279,0.42959681884534096,0.2727429092515198,0.29766027190313915,0.07865435605897142,0.0950829282729519
280,0.41714717683480734,0.2569026357503666,0.32595018741482606,0.07832777423231589,0.09495993487586706
281,0.4443191146662625,0.32743496016936613,0.22824592516437126,0.0785706006307835,0.09507895859749521
282,0.49233241466199656,0.35228071269723804,0.15538687264076545,0.07835549815687384,0.09470586802137688
283,0.4241903579127558,0.3265579076820875,0.24925173440515677,0.07854656810559948,0.09497600905327057
284,0.43291298697061426,0.2618034128441561,0.30528360018522954,0.07857879234958441,0.0951209713624385
285,0.49458758655084883,0.2816544537254833,0.22375795972366785,0.07862132711170815,0.09512423869345464
286,0.4462992199937244,0.2957293366331574,0.2579714433731181,0.07864857244090813,0.09506918739224557
287,0.44179020019132276,0.290677178349426,0.2675326214592512,0.07866616220242315,0.09510393354950465
288,0.411611933425617,0.3616385068544103,0.22674955971997265,0.07842607666402054,0.09490117891339109
289,0.443324559852318,0.2919815468675374,0.26469389328014453,0.07866532665838277,0.09508278419014014
290,0.4648897477540428,0.3102929002093612,0.22481735203659603,0.0785955547812551,0.09509421088838971
291,0.5309268216450821,0.20891860057535624,0.2601545777795618,0.07852297544642528,0.09527506655186736
292,0.45196339149475256,0.33307998356901364,0.21495662493623385,0.07861517886889248,0.09503004098686244
293,0.5715451724489177,0.18338513134753423,0.24506969620354804,0.07836598257789339,0.0952565634163577
294,0.34992638047153835,0.2179040570917086,0.4321695624367531,0.07841925839739997,0.09431462984660505
295,0.4158389861387694,0.2962907030531689,0.28787031080806164,0.07866395446340897,0.09500636051892723
296,0.5095130236453365,0.25213133108435376,0.2383556452703097,0.07860226087334726,0.09526915999897889
297,0.4341638714610952,0.3306392264577787,0.23519690208112606,0.07851530234858606,0.09502463227393565
298,0.4717122210074076,0.21378239126880985,0.3145053877237826,0.07847921452684932,0.09506058327594766
299,0.4706365519314438,0.2806256286777469,0.24873781939080927,0.07875621508896537,0.09517054924140733
