best -> topk = 48,alpha = 0.30190506275582196,normalize_similarity = True, accuracy = 0.03896218506271113
topK,alpha,normalize_similarity,result
533,0.13850844854605526,True,0.029418087023212136
917,1.2159676217434232,True,0.02670053701591154
290,1.6433260461104806,False,0.004329889339744806
933,0.12637120904749044,True,0.026337445588431242
269,0.40275817349899223,False,0.020395999095079262
714,1.8464078509876796,False,0.004355440515098874
42,0.6060030861388137,True,0.037724252678261065
384,1.2035245804189807,True,0.029043864589199924
481,0.04746183376054702,False,0.01679698167214592
338,1.0662333529421588,True,0.0315992829626209
41,0.6273769244564753,True,0.03765378438177426
14,0.636630314804551,True,0.034215514737854204
20,0.7082598248280378,True,0.03556012027102728
136,0.7666786668265868,True,0.03578824373173948
131,0.49914564610200185,True,0.036805501404713246
162,0.925260734183963,True,0.03426644460810061
683,0.3738661548023593,True,0.028706003443191474
205,0.891169439772451,True,0.03460177069244115
23,0.5404804139849799,False,0.029511731880326023
432,0.29603192908937415,True,0.03104363515007436
576,0.6658841499040675,True,0.03107639039307918
114,0.4889494753429484,True,0.0371166120344835
63,0.5038465400357274,True,0.037979668163637105
248,0.2849252834729774,True,0.034105524348625876
84,0.8043133218441321,True,0.035851868966192635
207,0.5707536461008295,True,0.03543420552290491
75,0.24514587688853773,True,0.037934193489384475
182,0.2668725857598604,False,0.020260770402031916
313,0.028154405294343016,True,0.03267705319939246
93,0.14974412848873597,True,0.037324234387309675
558,0.42618384999770187,True,0.030038804092680806
61,0.6326073278300308,True,0.03718994832004078
61,0.19984794857599986,True,0.03826293322679709
804,0.28457631040721015,True,0.027588538633216805
216,0.15793004352777812,True,0.034640606874510003
85,0.4235161920957842,True,0.03765513614725221
169,0.1897552005641679,False,0.019787552205423463
285,0.0006824264473176966,True,0.033175842627222785
992,0.3730871320085001,False,0.01758063261019896
357,0.11481762992707717,True,0.03184126502786177
69,0.4959576857037197,True,0.037884069865016384
6,0.5216141579994432,True,0.027158404451439994
71,0.21543236628488982,True,0.03800616196476952
132,0.178698793513934,True,0.03646733139834356
244,0.34556797570155906,True,0.03438150512066441
75,0.21889001919717488,True,0.0377955432653203
56,0.0990820000643208,False,0.021370100552097985
151,0.4672151607712021,True,0.03643693071419773
112,0.24201668402020898,True,0.037034543424162694
50,0.34932267241522674,True,0.038640288387332196
10,0.3417812724001904,True,0.03292168263916007
54,0.07130163106920412,True,0.038280393865151266
48,0.04566306021599836,True,0.03840242178612801
42,0.04913316666458839,True,0.03839903635567288
137,0.04835994836200215,True,0.03618276671496148
35,0.10916795158993683,True,0.03859159274073907
29,0.07971015463822956,True,0.038181586627710616
115,0.00534437005164301,True,0.03666033302367108
5,0.10645496170210784,False,0.024762225655786747
185,0.10313542608805878,True,0.03539818117347712
649,0.16988419908678712,True,0.028253523013707114
28,0.051359322041654706,True,0.038073954808515005
47,0.10217714044819073,True,0.03844230087331313
103,0.0028424031386691806,True,0.03672984264968531
44,0.1345983844443187,True,0.03861819885473023
40,0.11267476282217156,True,0.03854702860287661
415,0.1361081290910922,True,0.030771412847628594
154,0.2694948179784408,True,0.03615837877992961
39,0.3106549670223423,True,0.038663613361379835
228,0.3105670360871766,True,0.034604911441311295
109,0.410705841870008,False,0.023384652287411815
32,0.12610922112699025,True,0.03854459382054699
32,0.17021558981519752,True,0.03857873692959146
31,0.2334953154247556,True,0.03872882300937537
479,0.32313183562476755,True,0.030388430010637832
94,0.23809588327595796,True,0.03741933128923972
818,0.17346031636803183,True,0.02719441275617372
192,0.37381493874336535,True,0.03559476477676251
31,0.28977433950838705,True,0.03878640340532635
126,0.29987854234990263,True,0.036890056942619646
92,0.4380630367106494,True,0.037481263808465275
27,0.21166141659194018,True,0.03854278478128717
31,0.144525872153997,True,0.03860535908827674
72,0.2517570802776611,True,0.038024962335081035
17,0.3728702989856513,True,0.036949330053798274
155,0.15267764683758833,True,0.036049178591885896
88,0.2709134881623164,True,0.03746982394157193
46,0.2089873127384997,True,0.03868466400003893
7,0.19673608311686683,False,0.02547409263243692
132,0.356094305556563,True,0.036722795017801874
69,0.3217653919480669,True,0.038163652670880406
50,0.15330820447699986,True,0.038600309020808854
51,0.15701072147134051,True,0.03860131582536363
48,0.221744683009376,True,0.038768417303240314
98,0.23621922404319823,True,0.037283240193884466
63,0.28073352305240784,True,0.038249965102790766
174,0.4499666210726121,True,0.03595464325424932
50,0.21106647318660587,True,0.03874124561378223
83,0.394240412096104,True,0.03773300505889244
6,0.31359341986592015,True,0.027905148581889822
122,0.21199007189917796,True,0.036711094424629685
53,0.16403802955936875,True,0.03858209428183195
49,0.248322212630599,True,0.03877145376159881
105,0.25308207705795327,True,0.037181484743902905
74,0.34006161720400574,True,0.03809359752526685
146,0.21689690365635828,True,0.0362603989673638
22,0.05859648531168363,False,0.022270653131362724
54,0.545707836833861,True,0.037920695890473005
40,0.2892253724351964,True,0.03856554417986784
84,0.4159976962188824,True,0.037724080197799374
119,0.19809997800258056,True,0.036836928949281526
53,0.15230417867513635,True,0.03848245272029816
25,0.13830663427960677,True,0.038125883460969304
7,0.07431321682320469,True,0.028400360042935714
53,0.24240816794897257,True,0.038749552754152504
73,0.2464951716171081,True,0.03800194622139474
102,0.3412967854812446,True,0.03723766524029362
38,0.29609423160405735,True,0.03847459082018908
65,0.47076950836179676,True,0.03801650277011682
26,0.39110663198907764,True,0.03838094997424872
5,0.21001774152551156,True,0.026144287527336083
46,0.126359648276768,True,0.03846128976878037
89,0.1789486215839559,True,0.03737816862652642
52,0.2630351917625138,True,0.03871800888555207
115,0.2500670854515881,True,0.037021691624188696
65,0.08771636412788672,True,0.03812448757258267
599,0.27700261724482045,False,0.017712901057184944
29,0.35929803140550803,True,0.03857557211368037
141,0.030408500432865027,True,0.036041059976671286
86,0.20418612042507442,True,0.0374367919275939
41,0.32766909825428414,True,0.038664957104510775
52,0.304444570799027,True,0.03866880783109477
770,0.3074154770238815,True,0.02788719456919211
37,0.33876598963464444,True,0.03853359518274145
19,0.40672238393316207,True,0.03732924835421593
68,0.2669707667659354,True,0.03820842137859262
104,0.24014678492222577,True,0.03725708734250161
46,0.3045092538418028,True,0.0388884677156692
82,0.44488015619965493,True,0.037779265923155954
48,0.3095307617401214,True,0.03889475723575637
915,0.38725615832255944,True,0.027411240752239496
50,0.3124862872392416,True,0.03878770703672187
58,0.3045126625799583,True,0.0383870148686185
5,0.343279142594739,True,0.026171021998880033
45,0.48346011587398713,True,0.038298464201881266
317,0.30421930587110474,True,0.03274107152885108
98,0.38207687549183444,True,0.03739263692943098
75,0.261947326975584,True,0.03787868285897238
22,0.337675648657084,True,0.038009455138233575
57,0.5804357097141949,False,0.027706932430979846
126,0.20935055880835227,True,0.0365731301112382
43,0.23036635474590256,True,0.038724839914065015
41,0.2336479442719212,True,0.03863139962680081
77,0.2842591243114494,True,0.037777753710737036
36,0.41835509697217477,True,0.0384509890751683
21,0.318708635212976,True,0.03785869518129748
62,0.23783989226398472,True,0.0383037910403223
5,0.353084237612578,True,0.026132362308446372
103,0.187204420997806,True,0.0370764722210193
53,0.2569519904650897,True,0.038714354706470826
86,0.2714043267632358,True,0.03745057833099921
56,0.2919233500742809,True,0.03850665213017424
40,0.1924921732935707,True,0.03852258852258899
511,0.36488226213913605,True,0.030303509455940673
22,0.23085901933468456,True,0.037934891433577915
67,0.31133454033583197,True,0.03820242467417277
46,0.8056536581763771,True,0.036143028018849645
73,0.26654819787340317,True,0.03800805924984679
23,0.17668027142113163,True,0.03791384480609224
93,0.22714589392392673,True,0.03744783869948172
52,1.147711094171385,True,0.030292911935487686
41,0.23637424820420544,True,0.03858214241591414
32,0.32118269560321094,True,0.03870435083969959
5,0.32430658736673423,True,0.026000932196727156
28,0.38255220138328616,True,0.03858694780179719
61,0.41957454793893745,True,0.038228380978052895
80,0.2748594079180117,True,0.03772825181826531
115,0.34058343130625546,False,0.022321458655230022
34,0.2926525928299639,True,0.03858204614774969
56,0.51393407859852,True,0.03793321075187078
91,0.19366004847434132,True,0.037317640018034635
42,0.24461902306973732,True,0.03873266972478574
25,0.2526393498683847,True,0.03856695210177516
46,0.6479176735777781,True,0.037405933969666266
66,0.37006412914771075,True,0.038089766854550476
20,0.31399364471930347,True,0.03776827129652396
5,0.15381343506138928,True,0.026080205019101108
371,0.2274771287489944,True,0.03169165226655394
79,0.2854748437172898,True,0.03780744842834231
43,0.45568988841839897,True,0.03840217710454289
63,0.10369334811992995,True,0.03827290500418011
39,0.21188697026158496,True,0.038529182891863994
42,0.24170018584197236,True,0.038716608985991795
26,0.26985787542444856,True,0.03861939819561409
54,0.32091799030898377,True,0.03859364245041036
74,0.17913983975644268,True,0.03784568694555593
36,1.3397188373385993,True,0.025369316768791155
96,0.25519419064993154,True,0.037306645391402646
55,0.7050153831314813,True,0.03683052711633569
19,0.3659213879459893,True,0.03742989270913094
78,0.2139322899109508,True,0.03776860422392657
38,0.24422149381719752,True,0.038587052092308706
54,0.3019203040897984,True,0.03866820214389253
58,0.3036376758723234,True,0.03838244213080002
21,0.33818781318463365,True,0.03786411828790322
47,0.26517336225103144,True,0.0388329971969924
77,0.27837674632073467,True,0.03777233461530478
43,0.17966712111208638,True,0.03860202179190391
104,0.21676792619603083,False,0.021157051081492653
26,0.14878113567419107,True,0.038238067962115624
62,0.2644175933006063,True,0.03824761054393164
48,0.2989880274672061,True,0.03894785715087996
416,0.3111404860599507,True,0.031185422111834962
54,0.25028835480059536,True,0.038703753174844376
50,0.24816231471854694,True,0.03873495208252157
5,0.20180065472008546,True,0.02617776077040197
69,0.2467375256564238,True,0.03810664186157002
89,0.2728850643527973,True,0.03745154502381868
53,0.11663956696378999,True,0.038394888802248055
29,0.1890925785497325,True,0.03855369517327506
59,0.2405482200632612,True,0.03844788041568644
42,0.28860577430871354,True,0.03863436789520926
44,0.3453771692178535,True,0.0385732255771682
78,0.22787106881401703,True,0.03778281982289908
23,0.3013831047238474,True,0.03809345312301984
59,0.2618719898590869,True,0.03840033196472139
32,0.1619937188252298,True,0.038617047647928456
71,0.3805410967404129,True,0.03810075747000886
45,0.3357262485020238,True,0.038787711047895454
92,0.2078244960307103,True,0.03738875010228541
17,0.29203300837823887,True,0.03686748205802118
47,0.3399652157749172,True,0.03869979414657516
49,0.33327572805555533,True,0.03872950490887457
45,0.4156796287039458,True,0.03855500682701777
66,0.3366866388092419,True,0.03809101031834322
27,0.5497933335854005,True,0.037954991424111434
5,0.24948185665077272,True,0.02627774328168544
263,0.3805512096511995,True,0.03410877741035462
44,0.22542063455269903,True,0.038729107802695596
42,0.9727859518841818,True,0.03351241618652947
82,0.6118919278296338,True,0.03715849670843138
52,0.21809621066876766,True,0.03862917342549455
38,0.2607827282882632,True,0.03853460198729618
64,0.3355288540125857,True,0.03813371327168999
22,0.19150945563421307,True,0.03778841540996636
54,0.27848559056367317,True,0.038668133953942536
36,0.22904387748213959,True,0.03863006390601701
69,0.8686746737983009,False,0.029902853388398883
21,0.32043518714019853,True,0.037840183615479736
49,0.1638330180342288,True,0.038542034691838055
81,0.26290888832755244,True,0.03755127081999662
659,0.2994489669887107,True,0.028560137117955887
5,0.3524609221037933,True,0.026122141838304733
35,0.2226717317131532,True,0.03866080152873888
65,0.14759038349346867,True,0.03822221981551858
98,0.395950626462591,True,0.03739220372269027
47,0.1950003632933916,True,0.038636481783657015
24,0.6728602659095946,True,0.03677919612873655
74,0.25259607095033265,True,0.037928654058746486
50,0.3044368613200257,True,0.03876505995099985
36,0.45732348434910075,True,0.038337504953799735
60,0.26977682300479044,True,0.038280409909845305
89,0.33791818715570576,True,0.03751138371046411
18,0.11479625256633233,True,0.036575039429836156
115,0.22137946152397003,True,0.03700316401367681
50,1.9119932940974464,True,0.014384389154428504
32,0.29592533832528256,True,0.03870568656048338
5,0.3697579876951139,False,0.027797308181670956
477,0.3013661224767216,True,0.03033064504483717
32,0.4175267548977468,True,0.03856214270471879
71,0.2845512561219628,True,0.03806544710946852
29,0.33413331020157566,True,0.038633208666060646
55,0.2467461818476993,True,0.038665342177169215
84,0.7890953005579937,True,0.03603354704865914
38,0.006766451313889643,True,0.03822767501151246
63,0.30797406663770655,True,0.038207803657869785
19,0.5730699521515914,True,0.036561140713572096
99,0.4963422737631542,True,0.03719221062190876
45,1.6272677797031563,True,0.019512325534007564
78,0.18109647507215676,True,0.03768808392658632
24,0.3656388141865328,True,0.03833040918783405
56,0.26971416692034056,True,0.03858265584612547
38,0.22324588829294725,True,0.038593514092857495
872,0.32330169006907045,True,0.02732658894616852
596,1.0499051336217533,True,0.03017495134446533
65,0.24865364952249283,True,0.038192019690049005
5,0.08857941647465808,True,0.025529105877331867
42,0.28662268965833904,False,0.0241150228075327
79,0.14120266933011613,True,0.03757943326931538
109,0.3830519235426821,True,0.03712174232542192
21,0.17538402734392697,True,0.037554628172236995
55,0.42838438235551834,True,0.03824523592920482
32,0.23349222555812577,True,0.03859102716527201
65,0.3483312549721778,True,0.03810380997306132
94,0.29495317182817293,True,0.037397983823739725
47,0.19218504374475476,True,0.038648896365716806
21,0.06279585769832055,True,0.036846343173544634
749,0.26572567525759794,True,0.027775242716110156
73,0.640193017954362,True,0.03710377226803024
5,0.3134625567891342,True,0.025993290911162096
40,0.22144335998321002,True,0.038661856467375987
55,0.34441440451638555,True,0.03850367985059231
87,0.5949864806428808,True,0.037192122376091166
29,0.7625505134657521,True,0.03609740493117662
70,0.27636652376272736,True,0.038223274754155524
48,0.39755591482448716,True,0.03852735780791023
21,0.24536609812855364,False,0.024847675685389144
58,0.8916294115288464,True,0.03497871270210328
39,0.1353902077886906,True,0.03852421304786656
108,0.5127641790975123,True,0.0370618755605618
75,0.19834725036714973,True,0.03781709931184348
6,0.31546293662219965,True,0.027921514169871695
30,0.2674859993692692,True,0.038724310439159734
26,0.24415782081969814,True,0.03855848050329039
33,0.1723795464416481,True,0.038557858771394025
322,0.28189434797217905,True,0.032488271328613295
88,0.22084972695480493,True,0.037424485647219306
60,0.26794690444439184,True,0.03827813958563018
21,0.4593252063336446,True,0.03759404597446686
46,0.1989451630994833,True,0.03867407049075948
71,0.5470226208282416,True,0.03762327539594339
20,0.14409970798498728,True,0.03724320065975823
43,0.30419996604617144,True,0.03871452317575884
38,0.37314277128875317,True,0.03858720451690268
9,0.7071334028372802,True,0.0297220296858931
86,0.30601613001353656,False,0.022613038881107217
59,0.3265239657728885,True,0.03835002783754473
121,1.1498763275693253,True,0.030757269449779533
37,0.27997298197378745,True,0.03859226661789122
71,0.22842472033519934,True,0.03804708395707129
5,0.34682436815269146,True,0.02614678247726863
33,0.4085573661213221,True,0.038543330300886636
53,0.2939554912112214,True,0.03865131911452589
457,0.18380429574920856,True,0.030370636444881145
95,1.3480419963671766,True,0.02638424394994705
25,0.2451315312300393,True,0.038582984762354444
51,0.37294601732772237,True,0.03846351597008678
958,0.31203180321115687,True,0.0268962381610214
543,0.2691430648565407,True,0.029504319231651917
73,0.08559327416737306,True,0.037848009415026924
38,0.04154148319444517,True,0.03833711185879424
5,0.20539571333772555,True,0.026161399193593615
63,0.3487777974611801,True,0.03817166699558328
24,0.9636325058892693,True,0.03231948114668258
44,0.1397892778335054,True,0.03866452790894367
292,0.2517905722595941,False,0.01881512741893823
89,0.8559526465217293,True,0.035264131765446224
231,0.43272305668280664,True,0.03475614070554971
61,0.30855128901771867,True,0.038249303259159116
28,0.2148695917492351,True,0.038667608490210725
109,0.2829234363139606,True,0.03712347515238479
48,0.6332333866562198,True,0.03741611833924619
80,0.1697922470627321,True,0.037638469721255945
21,0.3672355246825353,True,0.037727995103159793
43,0.24709999524196188,True,0.0388240402465111
63,0.22758092982494563,True,0.0383200322819249
48,0.11100689776271427,True,0.03847508820570623
79,0.16931783294939876,True,0.03762905950816633
40,0.2573437201525228,True,0.03865834669054158
94,0.20403681771200333,True,0.03737477116255091
134,0.286961123634057,True,0.0364989234010262
62,0.4979559346134834,True,0.03800380740591035
23,0.24464558246221982,True,0.03821463869755637
70,1.993104519778601,True,0.013505934130112772
42,0.32152880802195716,True,0.03863610874451919
22,0.1881801563860624,False,0.023903317080058196
49,1.0468338875503158,True,0.03230043609478587
101,0.2713594889432641,True,0.03727239398067282
74,0.6098846600833274,True,0.037223730423467966
5,0.7511349455064433,True,0.023545464245201413
38,0.2267785321645278,True,0.03857972367827863
56,0.3336606559299745,True,0.03839115841086977
83,0.12867525152185444,True,0.03752493746580511
22,0.2876087363734149,True,0.03808227799357937
56,0.4720605266994988,True,0.038172537420238226
38,0.4034914893809216,True,0.03850632722511874
69,0.23736974791256155,True,0.03819546528810699
6,0.1727266261011225,True,0.027593303907364433
34,0.9971432015286782,True,0.03268866955792087
55,0.6752700266188673,True,0.03707173502508627
692,0.36308247426080725,True,0.028643750030083886
101,0.5415570318989555,True,0.037120687386784985
24,0.8979292809676137,True,0.03358589687433347
80,0.3030491469020255,False,0.022875293417343425
385,0.02786959049321136,True,0.03143502139559979
46,0.20981300931128813,True,0.038730648093329184
65,0.08759469993964375,True,0.038126176276636684
128,0.2040077760632737,True,0.036523728498104674
52,0.17383058283636463,True,0.03858709621521761
92,0.24708889451245628,True,0.03741981263006274
44,0.21717968083978198,True,0.038716476617265426
40,0.1472799005449998,True,0.03858787839405492
70,0.854527690989505,True,0.035487020644708246
19,0.21821592901594056,True,0.03738205545367216
5,0.19796119651991528,True,0.026135117984657983
42,0.14851100357855004,True,0.03859746108760612
72,0.2659024217045426,True,0.038033076939122015
52,0.7517254939448399,True,0.03661324585766142
30,0.6812810346114435,True,0.03724642163209874
105,0.22486693842035727,True,0.03716108792652848
84,0.10907086630645646,True,0.037531551890947784
53,0.3420038521967879,True,0.03856126826889031
25,0.9576560918256398,True,0.03266000170073794
40,0.9259092100322122,False,0.020494621818537725
826,1.234109735296725,True,0.026796103225144006
65,0.2661755649279024,True,0.038206066819733486
20,0.44114358840131696,True,0.037438392385830396
82,0.8175493319773975,True,0.035653576602985654
44,0.19873350975864745,True,0.038646401415784175
5,0.30504333768077113,True,0.02608947885229091
61,0.24659937129377707,True,0.038287589910455
33,0.6001818620280599,True,0.037848021448547646
113,1.7241000051665305,True,0.01826376353971622
61,0.07072678740686644,True,0.03826030189696476
91,0.3849668586252631,True,0.037538463142931335
158,0.17052304907533947,True,0.0360038443087067
45,0.32681838426289006,True,0.03879040254533069
28,0.3377610808638749,True,0.03865197293581046
73,0.12200390755730915,True,0.03784482855442163
52,0.22641756428753743,True,0.03866319619933335
23,0.27558530551915217,True,0.03814803717234766
43,0.39760302532796243,True,0.03854901413377148
78,0.1954011268946363,True,0.03769777091064909
60,0.34229191641001233,True,0.03819154637157314
28,0.5120347626722179,False,0.028500446844730805
91,0.2551803983681963,True,0.03741980460771563
7,0.29709258989109133,True,0.029408953581095715
48,0.15015633068058926,True,0.03839948159593414
66,0.22499908681332356,True,0.03818925198031684
35,0.3159695119522068,True,0.0385443010048796
19,0.4284109597945355,True,0.03725302001254734
114,0.729134681026587,True,0.03644668187703701
55,0.014189382507198811,True,0.038140772937094024
82,0.36955467847049944,True,0.03776636197792604
41,1.555360139978918,True,0.020823915097896748
19,0.5598157444656681,True,0.036644332452480034
71,0.2698972899936612,True,0.03812030792976953
46,0.18430413037458254,True,0.03869175575483113
93,0.6416292919929459,True,0.03685136917397143
60,0.23172532843027352,True,0.03837944578417685
34,0.2677691107185944,True,0.038663216255200965
630,0.3226106479452411,True,0.02881742582136812
347,0.15484314974525334,False,0.017897338827036577
199,1.0469787393614516,True,0.032493838837465955
5,0.2090601627929427,True,0.026141030454433806
65,0.29504320919385674,True,0.0381833595664086
36,0.721359546585942,True,0.03659014550933122
77,0.3652058790334528,True,0.03793724599243692
23,0.8214645821445374,True,0.03477157971244741
55,0.26217179721279366,True,0.03859593684166661
42,0.11028846888184618,True,0.03855391979899253
113,0.4549634904068688,True,0.03717793485533321
20,0.2061572648937307,True,0.0376366807378639
1000,0.33328427179412684,True,0.026727889208178375
99,1.4395159548863554,True,0.02427026725646963
78,0.9876639783654817,True,0.033581785421470334
54,0.24958813824069667,True,0.038692967129235735
514,0.8334075808311839,True,0.03189980008311181
35,0.1728080472556,True,0.03865234597494823
5,1.1177123735397116,True,0.01843398972176899
67,0.9260654485948844,True,0.03455595907961247
46,0.29639761391965397,False,0.024012244508302364
91,1.1890725982058783,True,0.029963787125416735
23,0.40572157402251696,True,0.03798005323629545
60,0.052617553556634555,True,0.03820768332266413
35,0.6820804379920837,True,0.03711888636987232
75,1.0741593948556254,True,0.032186518766676685
133,0.2297815517360209,True,0.036556198947789366
48,0.7527188673593825,True,0.03666187732547831
21,0.28480276515173397,True,0.03786060048872185
5,0.3682090080058763,True,0.026004778912137587
57,1.7771976570241537,True,0.01685502335305224
85,0.18900817294226951,True,0.03744553628587834
35,0.3248888019332501,True,0.03858855227120712
61,1.00766439518074,True,0.033161017329874344
41,0.1259592767234291,True,0.03858179344381749
22,0.24219802410778998,True,0.03805244689607419
72,0.49275482183221486,True,0.037944546328252365
107,0.27716493617391275,True,0.037159567691762437
47,0.20831972571616023,True,0.03872743915450923
86,0.1571404823837318,False,0.021085953030762505
58,0.34993647096676844,True,0.03833634171347751
23,0.6026768248449514,True,0.03717202639673107
44,1.243004966793467,True,0.028080569233657364
5,0.07791248311379931,True,0.025578884540776753
67,0.30483220241745634,True,0.03818134595729907
94,0.2413557561642728,True,0.037406651969727284
33,0.404238288856838,True,0.038570678481979905
52,0.2077851673944595,True,0.0385871363269528
73,1.8595775786694393,True,0.015512784412258746
28,0.2714325589706016,True,0.03872762767966485
24,0.32227955906949546,True,0.03829779032472893
25,0.2758920177937486,True,0.03854632664750965
50,0.3431059205593145,True,0.03870252575574567
20,0.17272868954120846,True,0.03733189973991593
69,0.2700980172792408,True,0.03818116946566397
35,0.46629255075522236,True,0.03836731599543737
51,0.39310878369219693,True,0.0385377106467782
101,0.307570176770404,True,0.03734941653469934
5,0.2270716705343469,True,0.026198907677225616
81,0.1901585598821874,False,0.021690476992710907
38,0.12761353442674486,True,0.038587818226452075
59,0.2587147305710026,True,0.03836252264307499
29,0.3509230565154405,True,0.038652025081066264
76,0.30512509513102043,True,0.03788644046856963
120,0.8888885534493881,True,0.03488531252657442
52,0.2156680117856095,True,0.03860837950194112
19,0.7655211901597759,True,0.03466673967002513
40,0.27402603715644613,True,0.03862136768181485
399,0.6480438486929867,True,0.032673435120872965
66,0.4390796389202477,True,0.038045764280981484
452,0.37602908335543295,True,0.030933696906101836
5,0.8479442413467254,True,0.02231758787277833
88,0.14792902283924897,True,0.03733772396387417
569,0.04657662645566038,True,0.029054630578940897
40,1.3847604640345574,True,0.024701564678568617
177,0.2381366043853384,True,0.03558416725630952
61,0.514355873570087,True,0.03799254001947872
22,0.8041370998421559,True,0.03480407021799959
46,0.3190359747588658,False,0.024299268041055255
96,1.122938616779821,True,0.03119406217960771
68,0.1930495577951333,True,0.03813370123816944
22,0.7843697417857394,True,0.035199511759958904
50,0.28499647590372396,True,0.03888968711242078
43,0.28361239837606345,True,0.038756363726797805
80,0.7185792991297469,True,0.036417376243263674
52,0.35377914748278216,True,0.03855644683831334
67,1.5149586273478668,True,0.022409347478335704
108,0.3128067669085832,True,0.03715497890924996
38,0.39481112920481415,True,0.03849477103419329
5,1.2347310789979975,True,0.016798305359409172
253,1.6129960955255345,True,0.020130599798799505
85,0.08593138945369319,True,0.03739018209123367
51,0.282334641712499,True,0.03877824467837649
146,0.0009814269016472643,True,0.035962108048179314
58,0.298115285562822,True,0.03837679840965039
43,0.2775455861384195,True,0.03870404599051161
74,0.35203026564510986,True,0.03801741731768049
96,0.24769995249387006,True,0.037268446985924346
27,0.3164503277738823,True,0.03861486155835737
859,0.43627857448896157,False,0.018060717935882195
55,0.37098732922300226,True,0.03838700684627147
35,1.2511121138465264,True,0.02738240843694199
69,0.28357374105849226,True,0.038228445156829306
124,0.23067041655863393,True,0.03661610181321121
21,0.17845952507764343,True,0.03758711065544225
732,1.3073305208223216,True,0.025709825289325968
52,1.1821418604949827,True,0.029586472076616778
83,0.33177548125061185,True,0.037697429960899455
38,0.2540713363137945,True,0.038563105386364656
56,0.6073262059728352,True,0.037555446451636096
21,0.4152210271119959,True,0.03764313471606558
74,0.11484604286633474,True,0.03782280721176953
101,0.5494796485013738,True,0.037084987942412787
40,1.969366405735032,True,0.01338180836538253
55,1.0438922515593558,True,0.03254378998137233
17,0.21437024032526752,True,0.03663629004956243
74,1.2864714608801844,True,0.027530168036081427
36,0.29644067396512186,False,0.024536212072348747
58,0.34291434207216565,True,0.03833695943420035
7,1.5298384257043585,True,0.014558522219494571
302,0.664774322557495,True,0.03402763136994444
91,0.16133000493966,True,0.03735217622208459
40,0.26520424126381337,True,0.03862527055365465
64,0.4801454007739881,True,0.03804768563309995
27,0.9254946813482265,True,0.033512019080350564
793,0.20122188295420632,True,0.02741203897577103
48,0.3889488268953468,True,0.03851212337086236
79,0.2989809197126959,True,0.03775007661341463
105,0.2419556529066353,True,0.03720721642206564
6,1.1076695872525555,True,0.0195923685016983
32,0.3321425243161248,True,0.038647785270650416
61,0.5536315879512609,True,0.037725764890679955
46,0.2797675032816108,True,0.03879676827771491
20,0.37436432128840413,True,0.037629669206542114
78,1.7319643785325254,True,0.01788409393205714
947,0.2871841147529624,True,0.026841076502706066
48,0.33987739475073875,False,0.02436893009166336
5,0.265803906442856,True,0.02630396833419172
64,1.902632226036146,True,0.014780665020481006
32,0.31043206891206515,True,0.038683051508281996
86,0.7110714332518868,True,0.03646193235877909
40,0.7773847514025891,True,0.03641581589676242
63,1.0291175120857914,True,0.0327431733837781
25,0.8692408397259124,True,0.03416211799588969
51,0.23838031162059647,True,0.03867873147439556
108,1.430489720746932,True,0.024482221676702658
85,0.4124434555988158,True,0.03766465867320047
281,0.2827628996956131,True,0.033419429161873626
27,0.3736515034796478,True,0.038493331022897835
66,1.6534086033127118,True,0.01953400592691005
45,1.4022587567134297,True,0.024457665272382766
30,0.9826061093508902,True,0.032725632521953416
70,0.3311901066920116,True,0.0380872117370151
5,0.16879652620114038,True,0.026058055318896222
127,0.24555399972454128,True,0.03667971501414379
47,0.29395257418422355,True,0.03891716365106683
88,0.45825923078034014,False,0.024625560962617445
55,1.0045219045645615,True,0.033301123609928054
100,0.31231811559014544,True,0.03736995775432073
76,0.3640482234131669,True,0.03797534411857711
51,0.2058819086331996,True,0.038599358372683405
66,1.8334234584142983,True,0.015985806061364488
41,0.036775973937986456,True,0.03834998772580947
87,0.29858126230369514,True,0.03751136365459657
51,0.8794100680040351,True,0.03523048604191883
23,0.12810528621536071,True,0.03775416399923668
631,0.253071253012226,True,0.028549371128214852
68,0.3405113784121259,True,0.03809404677670157
113,0.8065134301208892,True,0.03574177027527919
41,1.066909848792629,True,0.03174443128779553
58,0.6423250028900555,True,0.037233762368454035
21,0.212268827641597,True,0.037890243061071395
80,0.4052643906988397,True,0.03782940559221809
328,0.2863620531298786,True,0.03241464623856245
39,0.06870153839055204,True,0.03847201564678617
99,0.23383077414746065,False,0.021418503383023785
57,0.17701708793800494,True,0.0384668773335007
24,1.3618458898483927,True,0.023497290051166533
5,0.3179439460172792,True,0.02603877761893526
70,0.37184805899996076,True,0.03801699213328691
41,1.077808229328287,True,0.0314832998801464
51,1.297405309305663,True,0.026960332702776986
79,0.27142956217541603,True,0.037735640399898344
218,0.1489720622096303,True,0.034589384188596146
34,0.4265224992964829,True,0.03840118634468225
21,0.32843493806054014,True,0.037788748337368984
63,0.704090858636251,True,0.03675526546748664
96,1.305226538929345,True,0.027311611224226262
41,0.22106460817801538,True,0.038606024943081865
69,0.4997824072300552,True,0.037829979190032184
49,0.6045562654305894,True,0.03757756807362634
23,0.28303335193271334,True,0.038200663768995266
80,0.93358040174623,True,0.03429434231996676
52,1.2752249568692442,False,0.005440543177074065
119,0.18788224170810786,True,0.03678143837473705
19,0.25121684861404125,True,0.03753117484063651
36,0.3570373312249378,True,0.03853354303748567
688,0.29928571846661567,True,0.0283727150350016
88,1.5970179603162884,True,0.020694257924875583
63,0.9505354144044704,True,0.03401559784936946
39,1.1727864999110391,True,0.029334546312207426
5,0.08675834923497874,True,0.02552617370948511
62,1.1217117003115225,True,0.030859209413743198
100,0.554254848267217,True,0.037150855422866357
37,0.24112644210454523,True,0.038612141982707404
427,1.3557311385694224,True,0.025698730383355895
72,0.33310155369528044,True,0.038075182227613705
140,0.19464955390586092,True,0.03625693331343827
52,0.2760768730334114,True,0.038756159156948036
91,0.37580565781565733,True,0.03757099777139233
905,0.2980263279547388,True,0.027092893965430232
56,0.7554733310984632,True,0.03637435239603478
78,0.2642690164222076,True,0.037751805429203984
489,0.911800665857596,False,0.03065667724012026
55,0.43322917624482216,True,0.038319137790228906
119,0.332455737254913,True,0.0370066858240317
44,0.5334589172385834,True,0.038202978216119295
76,1.087033374777251,True,0.03198639329716884
27,1.6494506987410016,True,0.01800123223250683
101,1.4382006822856754,True,0.024299978018769108
60,0.2887774862529066,True,0.03829018513972565
22,0.13057289392255805,True,0.03756127067559435
46,0.39006320664901784,True,0.03851142943784254
86,0.2436901323638954,True,0.037485996993224704
68,0.2164003433573331,True,0.038151928010666976
5,1.7957675469876548,True,0.010210013012246855
36,1.701891550942642,True,0.01765064363290379
52,0.3200488783852062,True,0.038662999651830565
538,0.35774644857091814,True,0.029871987408124242
21,0.2675475815419644,True,0.03791410553237147
74,0.8525249349306512,True,0.0354854041417777
40,1.1662207792886776,True,0.02953472392697116
60,1.5597225570914228,False,0.003521798321404121
98,0.48112915437799997,True,0.03725037263802086
22,0.16248157883740538,True,0.037730052835178114
49,0.5846417561173312,True,0.037792859790232114
78,0.29947250592008856,True,0.03784119443120788
37,0.21969758401667233,True,0.03857284852685679
58,0.2624274005295426,True,0.038478501714376064
23,0.34937855750689595,True,0.03811755225355793
5,0.41379955526629386,True,0.02623795244031769
83,1.3940510509992694,True,0.02524771403220814
64,0.1890699394857163,True,0.038165758536981044
36,0.6785508839796236,True,0.03697692291647652
111,0.10274829603535429,True,0.03708705770795161
369,0.3186619263211481,True,0.03199031622487627
43,1.3401770549054137,True,0.025682043901492025
68,1.9067198976817552,True,0.01478630473045711
93,0.2462057160505697,True,0.037429274988408125
22,0.03143433651033556,True,0.03678449488896314
50,0.9761954777480059,True,0.033642185672409314
67,0.28924121569701333,False,0.02325426909198265
35,0.3850809809055907,True,0.03844821334308902
53,0.2085658543465605,True,0.038639285593950974
19,0.27391755327533385,True,0.0376343261790047
82,0.3403329030608199,True,0.03769947164822364
40,0.2358530879828895,True,0.03870883132052686
64,0.1407533409972686,True,0.03831983974559575
102,0.3136113323510996,True,0.037225591607983485
160,1.1460494926128688,True,0.03067401754326875
22,0.16632767651655586,True,0.037748676713854554
44,0.6207215836599069,True,0.03751119518530865
5,0.4673940294495923,True,0.025997418408719233
74,0.2803665437535107,True,0.03793090833826754
57,0.24389929418759254,True,0.038633280867184136
86,0.36073778164643067,True,0.03760139444436451
33,0.842798472695754,True,0.035314620406605074
53,0.1914075773307037,True,0.03858108747727715
121,0.30649158077643907,True,0.03691311717921477
22,0.3904686279029409,True,0.03796031024020559
70,0.2155293907668142,False,0.022248940649072128
40,1.1221910381585418,True,0.030437185824833894
87,0.4373304748902863,True,0.03763850983299123
50,0.2693607013819285,True,0.03879346708190377
57,0.3350605268126487,True,0.03834990750233899
107,0.2763852106460115,True,0.03716054641810253
75,0.3091644818838666,True,0.03796277711192342
32,0.9711308563667119,True,0.03306684700902859
50,0.26173566908279494,True,0.03877136150460768
19,0.6716325729944008,True,0.03571658812788935
55,1.021474170356164,True,0.03299900603120075
86,0.2685613787751544,True,0.03746594112559985
37,0.24328510746305435,True,0.03858631804755364
67,0.5894411447451176,True,0.03755947768102864
52,1.1805039396866865,True,0.029640089433125058
134,1.7899294758911026,True,0.01710663624592668
24,1.9717522546843294,True,0.012630495508287803
93,1.2777370780513495,True,0.028029450838255164
64,0.19142036741726692,True,0.03818871849423801
7,1.7129236064824045,True,0.012439748162481341
40,0.5271034976900917,False,0.027830408385598984
74,0.9247924508093017,True,0.03456301072266931
605,1.2018780832071994,True,0.0282347707774779
48,0.7881323613923988,True,0.03633185802371129
5,0.24624432384480216,True,0.02628913100332284
33,0.062432185175882504,True,0.03834252694305304
105,0.1535235896627905,True,0.03697193301661145
70,0.2896059541229109,True,0.038103521168567564
52,0.8192073187809141,True,0.0359626776348199
24,1.537928354871728,True,0.019836673036410263
715,1.021833041460373,True,0.0296255128285354
79,1.501620222233948,True,0.02270448962630308
37,0.21820115167919296,True,0.03857828366698312
54,0.7181670224625843,True,0.036741759846228045
21,0.3570438411549566,True,0.03769628276527135
90,0.10986594384407461,True,0.03735035916047779
62,0.275776937593881,True,0.038269323026222296
38,0.31538182364517064,True,0.03848907917896133
239,0.22346226438530709,True,0.034202935697679904
70,0.8816113552736097,False,0.029104152527280137
21,1.4906490580483212,True,0.020622209226020018
50,0.01896890340813054,True,0.03824114854338301
88,0.17510950823840224,True,0.03734702587527857
106,1.5971175332240042,True,0.02077605377539677
37,0.2551150308554848,True,0.0386174527764545
6,0.31132100164156984,True,0.027887403150215363
56,0.36863451134070924,True,0.038406493127255754
74,0.0038164661472603056,True,0.03767151376875478
37,1.2643809551907788,True,0.027392324057895708
970,0.2627687367876524,True,0.02655994538386139
56,1.9446576449372224,True,0.013983520494689972
122,1.0530299140795418,True,0.0325959913936263
20,0.20116115323470657,True,0.03755371763584692
90,0.3338547605427208,True,0.03744782666596095
44,0.4024017739284385,True,0.03847851775907009
70,0.7458428164642382,True,0.03644671797759872
30,0.2933077262277049,True,0.038792729025975164
19,0.2926822893140298,True,0.03757998681126186
21,1.8519195166797433,False,0.002459796007759224
34,1.4445693069216157,True,0.022752499362223396
54,1.65970109489205,True,0.019213870156708612
8,1.996164015783919,True,0.009954918420752815
34,1.5670170057620794,True,0.020192030921334456
70,0.34732650889145705,True,0.03811230162741373
48,0.30190506275582196,True,0.03896218506271113
452,0.37305520193222963,True,0.03090656532837893
93,1.097221716933209,True,0.031652840151526286
60,0.3163025061557434,True,0.038298432112493
5,0.47127819628301854,True,0.026029371417019168
32,0.40245342294989744,True,0.03858667504199753
75,0.29407067507781376,True,0.03793506792521293
50,0.3385811445299592,True,0.03869793296205956
108,0.27956560103730693,True,0.037105376737440104
28,0.25758821014147526,True,0.03878490322642792
22,0.3276893171239497,True,0.03804890904102511
22,0.3680325457951111,True,0.0379111252304424
5,1.3353478186808942,True,0.015559165611728003
34,0.26483894261278323,True,0.038642987907114484
757,0.2964745513293305,True,0.027881117641301807
46,1.2300456165474896,False,0.00585015619509708
32,1.226344356776524,True,0.027679026696766536
62,0.24488823487287414,True,0.03828038584280415
44,0.4429139732495855,True,0.03844341196837957
80,1.830945630989133,True,0.016048215910239534
21,1.6275679620212897,True,0.017896689016925538
61,0.653656260812014,True,0.03715528375843795
194,0.9512936558215199,True,0.03400391731206477
42,1.2195907323901753,True,0.028485132184212437
20,0.587422499701014,True,0.03665837155981739
81,1.4802686583066489,True,0.023157996916209893
50,0.35085530647209484,True,0.03861009628420974
31,0.40202594958493554,True,0.03851076759421092
63,1.4560892720305887,True,0.02359369058449222
96,0.7696510953152298,True,0.03599472691128448
49,1.47475771754688,True,0.02293866594786441
5,0.3072809558716902,True,0.026043398490836037
73,0.5409206514284869,True,0.03760707827724956
30,0.23223407409795394,True,0.03868168369810985
56,1.3692883571600276,True,0.025403243274465463
35,1.1338553648368328,False,0.007094065228099385
842,0.27637738423467706,True,0.027397510505263546
81,0.32565656672731524,True,0.0376630341479228
404,1.3060506929945555,True,0.026866615644539498
659,0.5132318636252788,True,0.02948083381066322
62,0.24702871055790027,True,0.038282836669827916
19,0.2911873149459643,True,0.03757782879990543
6,1.567186428943171,True,0.013127295394049573
41,0.37733041177032334,True,0.03863848737041947
92,0.21167526047582258,True,0.03738673248200234
133,0.09280210885413404,True,0.036327397598751414
64,0.847096446223439,True,0.03553055792214827
36,0.15829581425691044,True,0.03861790202788933
518,0.33210419926687773,True,0.029939768218349233
51,0.26530464383886265,True,0.038728979445142815
113,0.29882120683692426,True,0.03705381310177661
5,1.926472119249261,True,0.009334032881996046
72,0.8121252529698708,False,0.03311819003014822
31,0.4269190427373488,True,0.03847015847344406
51,0.8860023424081802,True,0.035207955280229034
81,0.199527566066546,True,0.037561146329215034
34,0.35716780678734406,True,0.03852423711490778
796,0.23415694401790665,True,0.027453686990480765
59,0.27514071251349986,True,0.038329891746449345
21,0.324989116441145,True,0.037826637882485845
47,1.3990231004113085,True,0.024619488045900667
99,0.1322228792098703,True,0.03709066776412417
896,0.48409082644869783,True,0.028008596747098897
74,0.9949632067013645,True,0.033560245419641185
21,0.24133774048234788,True,0.037769001330105634
5,0.40132249194015235,True,0.026066992213509877
48,0.1916124747002864,True,0.03863612880038685
348,1.1962363865975414,True,0.029433682465877232
68,1.761203240539447,True,0.017339958187527173
32,0.29389942059961727,True,0.03871312327619869
267,0.34103944696715505,True,0.03392781732794902
90,0.25323763305795405,True,0.037432752675854254
56,0.3057213058714901,False,0.023532383808336558
36,0.3705290398981929,True,0.03845745107571694
22,0.1687485131404844,True,0.0377709627939593
72,0.22120560140783432,True,0.037936748606919896
107,0.2692289734730774,True,0.03721352599802029
47,0.4311739804967043,True,0.03835628125707017
85,0.3324875715134682,True,0.03762391317253377
64,0.22018436334440245,True,0.03825964807568
24,0.29326094868400243,True,0.03837837480084552
46,1.0380670741618063,True,0.03246975174044847
61,1.8509697638756406,True,0.01548656337092603
20,0.0904127090328318,True,0.03675367704277073
41,1.8698865667081876,True,0.014772329801896087
81,0.38332827086364724,True,0.03785257011932484
52,0.9504159584209128,True,0.03418247069035544
6,0.2643629374069811,True,0.02797248014067994
34,0.059554847865706334,True,0.038326710885844065
121,0.13213182024994166,True,0.03673255019181468
98,0.6733818871758535,False,0.029225626906310347
64,0.32470348000480165,True,0.03815871491627115
33,0.17519893370608888,True,0.03854614614470109
72,0.2368090208860703,True,0.03799567675717524
50,1.7383120947739468,True,0.017457874655640724
24,0.5282523810450095,True,0.037776313699441524
84,0.3609672398113058,True,0.03765152609107959
48,0.742235116267696,True,0.03681516432173507
24,1.494048899515759,True,0.02071015420555502
64,1.6827016063110904,True,0.018954126615099036
40,1.8817420292563092,True,0.014564607169731939
5,0.28814955858936875,True,0.026100224786164288
87,0.45727361527663435,True,0.03770007332425246
62,0.2042965726900568,True,0.038295608246331464
36,1.3170856634179153,True,0.02589145122653667
99,0.2663909523521321,True,0.037296637513457825
20,1.3753921306318548,True,0.022748399942880887
71,1.9491743177817722,True,0.014208378860152792
50,0.32157387120212216,True,0.03875186319010272
45,0.407984055281843,True,0.038537566244531224
61,0.3363722171818902,False,0.02385860452877544
20,0.3640829035146627,True,0.03765324287334831
81,0.6468486412204468,True,0.036892997132813486
44,0.31809238464654593,True,0.03879749831129639
5,0.3844389512034868,True,0.026065752760890674
35,1.6542836112184194,True,0.018485629569729385
50,1.1550991848429188,True,0.030111426389350382
35,1.0720112363610186,True,0.03126788381716134
20,1.6955431291894096,True,0.016672643315218845
57,0.32826817250521373,True,0.03834780163623837
5,0.31505077702048534,True,0.026018184254058066
110,0.42619607516263824,True,0.0372474244254798
76,0.5830926820611179,True,0.03737486743071539
145,0.9165703991574554,True,0.03432244460168277
44,0.35254577212406896,True,0.038495067861034085
31,1.2687571382298777,True,0.026546957203987493
62,0.2966060504817781,True,0.03827801925042438
89,0.3816971468933349,True,0.03758321580594938
51,1.4295404348222305,True,0.024074293351560125
21,1.6104460457042395,True,0.018147692211424135
71,0.5025456501624348,True,0.037934069143005185
39,1.738931980462278,False,0.002844503649365691
55,0.7307113127669213,True,0.03655449018786774
27,0.2993045966830859,True,0.0387239654782366
96,0.3442757124407221,True,0.03743584127946836
65,0.8976094803419694,True,0.0350282186057484
5,0.27261011853365524,True,0.026259604755005512
43,0.3147099806002119,True,0.03877429768362798
25,0.8174952141297398,True,0.03512395729544261
39,0.46318049107266396,True,0.038438361900911606
77,0.6377108909108207,True,0.037007488058736805
35,1.002758834758375,True,0.032588867549446045
48,0.260304099950909,True,0.03883641070566213
27,0.006600146209198021,True,0.03733858235500851
17,0.24781721918417188,True,0.03683172244604613
71,0.414097180110263,True,0.038051973577598146
48,0.31770731456505596,True,0.03885352237191963
122,0.5701611085207574,True,0.03676952117819435
86,1.8144529467514634,True,0.01643797361931392
62,0.3659011663283841,False,0.024194263540518544
46,0.7907350043401706,True,0.03625181505602044
24,0.6198821879468569,True,0.03732737914735319
98,1.783196889510013,True,0.017143133913830363
5,1.189320880682271,True,0.01740526811486077
57,1.9622093274429877,True,0.013810494513516798
76,0.3170654043310295,True,0.03792463486287443
40,0.3981713352217713,True,0.03862998368254652
48,0.34830736752977987,True,0.03865893232187623
24,0.30394646614751875,True,0.03829451319595894
65,0.24530758325978694,True,0.03823458225232247
83,0.3570958512412178,True,0.037722263136192535
5,0.288102643651601,True,0.026094637221444002
40,0.6977331077951354,True,0.037094690971169755
109,0.22476990431446392,True,0.03715279683085229
59,0.4539513158412558,True,0.03821238842920872
26,0.3186977146393293,True,0.03847272963567359
74,0.38666293621025033,True,0.03798546832055415
48,1.8050525228574843,True,0.016142514588638076
36,1.2600306298526616,True,0.027339139908128127
86,0.25815013194662867,True,0.03748384700421535
60,0.31219350032264265,False,0.023580626192321343
22,0.2548053097923928,True,0.038078318965310234
45,0.18521629905235806,True,0.03858538745529587
5,0.04051397198973117,True,0.02518715333432803
68,1.997162432443351,True,0.013463584160036136
101,0.8585754374074747,True,0.03511611946237471
34,1.9143918355408456,True,0.014064325585350508
53,1.5333839062650696,True,0.021788265392076178
26,1.7729080396296308,True,0.015945766527238215
83,1.4168703353645256,True,0.02465976423926492
63,0.345987947472711,True,0.03814020335045342
39,0.6899480477779256,True,0.0371018188265236
590,0.4211543043190671,True,0.029600860156050963
24,0.2780916164861978,True,0.03843769203493286
54,0.2185114555619222,True,0.03859342183586649
76,0.30244753408737357,True,0.03791436224747698
123,0.37132586605664347,True,0.0369308987114509
5,1.221296219120552,False,0.0034669655793177667
310,0.9360517634449661,True,0.03321279756890824
41,0.12367843651248955,True,0.03853194257924915
561,1.644824801954477,True,0.01932119311554265
102,0.2579314998143747,True,0.037257801331389014
61,0.4901735162784395,True,0.03811374564988273
480,0.32243358985182635,True,0.030323180250907127
26,0.20929237412774937,True,0.0385364230600765
84,1.4530730934232001,True,0.0238266515204755
47,0.27894915715318336,True,0.03896073301789509
40,0.7776899887433049,True,0.036395146319588234
20,0.002171800348935937,True,0.0360154967677967
68,0.5622849494428737,True,0.03760208035503744
49,0.17720833471352826,True,0.03863002780545539
21,1.0883405376833541,True,0.02945922160771054
51,0.23116681821949414,True,0.038664824735784475
74,0.27722834575533895,True,0.03792353981250217
39,0.3321812468627432,True,0.03865453607569288
5,0.15600611475280288,True,0.026084761712225474
219,0.2669989283204972,True,0.03482388942638655
86,0.8892307203751689,False,0.029183276936233685
385,0.22479714363905806,True,0.03145718714049884
63,0.4001983717826173,True,0.03815647668144423
35,1.3320389446291832,True,0.02544996141251074
100,0.2914514743984346,True,0.03737272546405298
22,0.34156811685309846,True,0.03800564853455838
55,0.05985684115695597,True,0.03828703235733508
40,1.3631830229798925,True,0.02520270866525796
71,1.0843020979356675,True,0.0319171203303926
775,1.706455518272821,True,0.018166420380612183
21,0.9750905101417138,True,0.03174242971220655
54,1.048526343801296,True,0.03250338944162887
78,0.20281214170744485,True,0.03773274032143979
36,0.2544919938271515,True,0.03858321339924536
57,0.3642966861294793,True,0.03836622495623857
91,0.2993382087660772,True,0.0374637550360286
19,0.24176335436478866,True,0.03750446844730725
42,0.31755545495527715,True,0.03867194857996481
