{'topK': 25, 'shrink': 51, 'tversky_alpha': 0.8124063348128021, 'tversky_beta': 6.7297971145367015}
best = 0.14067279772604566
topK,shrink,tversky_alpha,tversky_beta,result
71.0,26.0,0.5938039827824713,5.672095678525931,0.13516699798448775
14.0,97.0,0.20956644762066098,4.2509335040212175,0.13679373352333024
19.0,76.0,0.7018593542011567,6.727820037861957,0.140101467787263
60.0,125.0,0.3711592403655792,3.7322553361571615,0.13135734046977673
3.0,49.0,0.15819911330206612,5.293814162852881,0.1124409210575952
60.0,46.0,0.055821799186519167,4.234974479879936,0.1347960266033085
53.0,93.0,0.990608917849333,4.904823458912057,0.1335492600081284
70.0,51.0,0.3120063108730314,6.88482853463926,0.1357855283949056
10.0,91.0,0.3690334096059396,4.152768106949512,0.13740768009998694
49.0,128.0,0.1469583530922041,4.20957453883114,0.1343440279163534
30.0,69.0,0.6499305552586148,6.74393053492289,0.13853258136652913
28.0,65.0,0.6472477294530177,6.907586141155346,0.1393610955977533
32.0,72.0,0.7381150909671222,6.200779702040688,0.1378690633624817
23.0,110.0,0.8135305829710175,6.195014255745857,0.1385536748326018
40.0,63.0,0.5167024616594387,6.915853395863459,0.13761485081233588
19.0,20.0,0.5037377973995223,6.310211514266616,0.13670120278227535
32.0,80.0,0.7687323673243779,3.0129555401947017,0.1344197849494926
2.0,108.0,0.6357646920881098,6.512276559602059,0.1132468233728251
43.0,35.0,0.916629208983445,5.876438066045818,0.13807925776404362
24.0,62.0,0.8399049411845788,6.603973302551382,0.1394985119958306
17.0,139.0,0.9052872867928031,6.538083869355846,0.13844625788508236
25.0,60.0,0.6999352735107537,6.981868282602674,0.13965038731923513
24.0,57.0,0.7358028020156238,6.527762454285575,0.14050119403865333
9.0,80.0,0.6974898143211543,6.988091614402595,0.1367282780265117
39.0,42.0,0.7050929592968097,5.978933764866347,0.13772351514074618
21.0,55.0,0.7833678101928399,6.4726336295192946,0.1394706209131525
11.0,37.0,0.562078708295045,6.653477251649021,0.1353497602045041
37.0,81.0,0.7107419027175741,6.130321998306545,0.13716974527019568
26.0,72.0,0.6058425926583122,6.397885938851222,0.13932985069549153
34.0,56.0,0.5934364925934655,5.689451125018612,0.13773100662995982
45.0,28.0,0.8324216058797228,5.782040948432207,0.13834421976328248
24.0,60.0,0.8517522984124394,6.6606178394282,0.13942968603232211
18.0,74.0,0.7587943921915842,6.68930169395758,0.1397196177892489
15.0,84.0,0.7392968613446682,6.727770850488362,0.13891110830974787
5.0,75.0,0.6984760461672225,6.362883066050567,0.13210910758160557
18.0,106.0,0.5663218712182292,6.009445114753034,0.13895990567461966
14.0,88.0,0.77675509110792,5.5034772690609035,0.13936252682469646
6.0,96.0,0.44610138769458824,6.973953315007064,0.1321566091480044
80.0,55.0,0.6606572019928346,6.321839560362566,0.13411091245200923
28.0,43.0,0.8929586247670137,6.735549867936857,0.138581117372739
13.0,100.0,0.9886713569061949,5.223795479863957,0.13906142368267435
22.0,66.0,0.8157826358675968,6.531475382222732,0.13986686811615578
20.0,67.0,0.7573538515462555,6.742075850740385,0.1400827489005393
21.0,69.0,0.7830593014256326,6.494708879806543,0.1395465855018043
8.0,75.0,0.7445694523058917,6.785835251882635,0.1360200705935727
35.0,50.0,0.8719695361255915,6.079826646202342,0.13734801019708093
60.0,87.0,0.8287254640133792,6.263243867443188,0.1348842294322628
29.0,66.0,0.65078808542391,6.739885821490396,0.13871684580005797
20.0,73.0,0.773227878405375,6.2161053830107456,0.13914064492046088
16.0,66.0,0.8082313749369163,6.48629109050486,0.139525894409394
11.0,48.0,0.9260632968617484,6.867480985033351,0.13822654689802166
22.0,58.0,0.7426408539035434,6.851872986565824,0.1389036581878124
26.0,76.0,0.6745885293326975,6.58091373568499,0.1396334333259621
31.0,69.0,0.7133817323835576,6.983842950411109,0.13837667459166833
25.0,62.0,0.7969866038929847,6.810136832065866,0.13998766012522812
19.0,53.0,0.8021072316126794,6.384295851134339,0.1396579450450101
1.0,63.0,0.8610526443294529,6.606420803177486,0.08649288115262564
13.0,78.0,0.766311353712472,6.818972415455946,0.13849759635314574
17.0,69.0,0.813037737583201,6.179571243401943,0.13920692621407338
28.0,91.0,0.6339915690561828,6.610866292156627,0.13890656644311197
23.0,83.0,0.6802112453227565,6.410922266362892,0.13931048340172886
18.0,54.0,0.8035122990550692,6.362753918802873,0.13974460429664484
19.0,47.0,0.7304606908547219,6.800244241568769,0.13907963411279117
26.0,60.0,0.8088019146954105,6.649044452414687,0.13950810241154754
12.0,65.0,0.750692009738943,6.4675451953933925,0.13834211354106804
15.0,71.0,0.8546854414976222,6.284643749305961,0.13926882335746885
22.0,38.0,0.786353339431528,5.969808673081743,0.13936621838636723
8.0,52.0,0.7167923030041868,6.877780439647888,0.13526976162397733
32.0,44.0,0.835630509767507,6.663929977426088,0.1380593900333806
17.0,57.0,0.67878223006765,6.535153758498851,0.13941403173691283
35.0,119.0,0.7544896999439573,6.11150771624763,0.13674713113083342
19.0,54.0,0.7932446530576959,6.341447032216672,0.1396976316102018
25.0,62.0,0.7943305229234141,6.345237434250158,0.1395756957215684
20.0,67.0,0.8818262604764274,6.7550323059999835,0.13909894367761155
23.0,59.0,0.7203061679810675,6.439849576076464,0.13997510705157137
30.0,78.0,0.7220074308005889,6.534640964017049,0.13831143759179443
23.0,59.0,0.7599711676723361,6.687751726207015,0.140308130658761
28.0,59.0,0.8354831222914807,6.992952050963456,0.13896649081550658
22.0,62.0,0.6934107268587658,6.887714329672102,0.13946138420229381
25.0,51.0,0.7299377679424134,6.4420576569855506,0.14011991284165062
24.0,50.0,0.6303243649450774,6.696931936630948,0.13924237738762485
26.0,56.0,0.7209738668058734,6.431878726665678,0.14037246139207685
56.0,39.0,0.7277953257739457,6.470623735673343,0.1373235920860574
27.0,31.0,0.6701995827293155,6.579628568741282,0.13825096830030176
38.0,45.0,0.7563411421259753,6.787846952533514,0.13817002092734015
33.0,58.0,0.7111972251213405,6.475420563808955,0.13816002617647768
24.0,63.0,0.7676942504621815,6.233289958906676,0.13944566600737374
30.0,49.0,0.6504582136600113,6.697471822727465,0.13888008359984605
22.0,72.0,0.6943833312160977,6.264414556398394,0.13941989724726675
15.0,65.0,0.7475212448348877,6.90387936811666,0.1394143383573521
25.0,41.0,0.82589444651661,6.14850356904987,0.13937794758209063
42.0,56.0,0.7366805689056166,6.577431927521363,0.1380005299202932
20.0,54.0,0.8184739813895819,6.431545977757642,0.13985030371696908
21.0,61.0,0.7661097101732506,6.413644087920702,0.13971058860103555
26.0,52.0,0.7898718402029106,6.781377355441298,0.14005446661373694
48.0,51.0,0.7757454124711697,6.774663687925411,0.1384820460900339
26.0,68.0,0.733919890424078,6.65410472942252,0.1398064710589453
29.0,47.0,0.8524859892618901,6.843530558890947,0.13872921481721806
24.0,57.0,0.6896451140608936,6.550384431163986,0.139562900084246
36.0,64.0,0.7880632000702404,6.775430899995268,0.1379801376071423
67.0,71.0,0.705687056918414,6.938034622794447,0.13459421684077824
20.0,52.0,0.825825636205214,6.431338379262509,0.14009903833042026
27.0,52.0,0.8720711424611145,6.6407721164253894,0.13903721125034646
23.0,61.0,0.8166982219589891,6.304212412295535,0.1392263085165877
16.0,58.0,0.7773467365590249,6.551692465167782,0.1392262684110843
21.0,34.0,0.8383841569556147,6.727525790234636,0.1391815435150274
31.0,47.0,0.7217759199854472,6.402115385786197,0.13815036495104313
17.0,67.0,0.6605307690598317,6.8384562893713365,0.13895522863468096
27.0,56.0,0.7512729448928588,6.494922599203486,0.13977473173208252
14.0,52.0,0.8026828828824696,6.043861019861523,0.1397687654729059
19.0,77.0,0.7868228446604341,6.192781787706424,0.1394967880780534
21.0,53.0,0.855203251029431,6.615448016242375,0.1398037901540753
20.0,55.0,0.8227911836774904,6.427740684410019,0.13952093691061299
23.0,60.0,0.8888275648783097,6.678442925684627,0.1395960052967164
25.0,49.0,0.8133677336506231,6.303056211068847,0.1394857534806449
18.0,44.0,0.7640965719244367,6.484857013445426,0.13872541130397578
23.0,59.0,0.7444329942409048,6.435263806730253,0.1403122311757072
29.0,64.0,0.7384120675243097,6.9250437971322,0.1387770224839588
23.0,59.0,0.7107707125729467,6.601663331507715,0.13946979978259738
26.0,68.0,0.6706559369216354,6.7241927390937715,0.13950778279938672
33.0,70.0,0.6863270241330441,5.919428057014049,0.1375772563162098
21.0,53.0,0.7934748335755522,6.3951024742763405,0.13971743418040797
20.0,56.0,0.7578624150927298,6.138117910145728,0.13975881995427408
16.0,60.0,0.7391834926393176,6.517360944737676,0.13953051225359614
24.0,50.0,0.7184749106123279,6.242046816726094,0.13984043471691945
18.0,63.0,0.8378327182728307,6.3486447594532684,0.13919689337778152
23.0,74.0,0.7728764015028429,6.443336123608838,0.13964081273449913
27.0,54.0,0.7998264616467456,6.820232278948631,0.13994269825424385
28.0,136.0,0.7994354942443054,6.85345326013782,0.13714069265732431
25.0,66.0,0.9117997299304572,6.771601597101423,0.13943084201233366
31.0,58.0,0.7521172637449408,6.971425152586204,0.13822447174786162
22.0,55.0,0.8124651961251302,6.668469991799006,0.14000375142860574
27.0,56.0,0.8650220261691013,6.6941678582077655,0.13901422849621967
22.0,46.0,0.7774094649186679,6.575788902861765,0.13890742922243401
25.0,50.0,0.7259965871122633,6.882870462242604,0.13954391405013028
29.0,61.0,0.70095285014583,6.816250015513862,0.13895537751560355
23.0,41.0,0.818681373759956,6.622669802614342,0.13927610778938185
26.0,54.0,0.7951150160022156,6.68869056702102,0.14003739826904046
27.0,54.0,0.7952303529497099,6.729296953574504,0.1397182525205798
26.0,20.0,0.8459465471762481,6.658539213110253,0.13807118155817566
19.0,48.0,0.7713069821363414,6.803828716675229,0.1390752087438099
22.0,58.0,0.740163459150293,6.514279661718633,0.13964094343567654
24.0,52.0,0.8055247479855293,6.566153721922011,0.14015771488342912
24.0,51.0,0.7592299107905961,6.588468215153016,0.13982500866088282
29.0,55.0,0.7885528654503204,6.902864634822884,0.1389113324292947
21.0,54.0,0.8281609856398048,6.671243658157832,0.1397551900807232
80.0,52.0,0.7310078078949036,6.988611444838231,0.13448530787826513
25.0,62.0,0.8081587167478721,6.755529123229056,0.13973837997591423
17.0,45.0,0.7011920283384655,6.375840161050667,0.13909783484440463
27.0,58.0,0.6263628992580991,6.536454118853579,0.13906866701149945
30.0,48.0,0.7805714126864306,6.722547861483988,0.1387913899183545
23.0,65.0,0.8450229458740238,6.472303418562346,0.13962240603637882
20.0,81.0,0.8069667246508779,6.608022877356597,0.13948003853608126
22.0,60.0,0.748165182706402,6.814806947867091,0.13965374958100066
25.0,57.0,0.8240370598112404,6.28246927402801,0.13914078691752305
18.0,63.0,0.767362245861801,6.5278341528914225,0.1397106965729147
20.0,51.0,0.8754112886712805,6.445929529963322,0.1401419100739948
20.0,51.0,0.8694571502643839,6.411425970041303,0.14016653760586426
20.0,50.0,0.8997801381683385,6.348387193100459,0.14012614623816697
15.0,51.0,0.8875250493071788,6.331041090063462,0.1399446155744316
12.0,46.0,0.9274194052721108,6.184682342050215,0.14005273946456442
12.0,47.0,0.9289472561811495,6.202424420081192,0.14011853168078675
9.0,43.0,0.9461442318358677,6.21480673193506,0.13730408110891607
4.0,41.0,0.9405890327388807,6.035897728420881,0.12965373749235082
12.0,46.0,0.9073950720763871,6.178518062344682,0.13989734972477832
6.0,49.0,0.8680643974283326,6.091969844230952,0.13417001438016396
14.0,47.0,0.8871800871116581,6.390887330438973,0.14024225247315764
11.0,44.0,0.8929279779967223,6.37267351160072,0.13883617767085293
12.0,46.0,0.9232989510187677,6.307552495505751,0.13994193869293806
9.0,48.0,0.9588353748001996,6.400814076292847,0.13733517003577989
14.0,39.0,0.8752168074010435,6.444076509852525,0.14002840749969356
13.0,37.0,0.9039225926104099,6.265746654244607,0.13983623356091565
16.0,51.0,0.8703061742798108,6.455508123489651,0.13898330098098197
15.0,31.0,0.8826597552234862,6.427490213768713,0.13923656832565307
10.0,39.0,0.9310734032918239,6.1276942245949915,0.13772349078289065
19.0,43.0,0.9139427364681286,5.838898694801709,0.13961531375628758
14.0,49.0,0.9533503579773835,6.238692472478988,0.13967440485627047
14.0,51.0,0.9704745697353242,6.348451101832097,0.13982445899704338
16.0,53.0,0.861880384931167,6.521446394691607,0.1392050587813249
17.0,41.0,0.8993540950184563,6.45720398117087,0.13919742594472187
20.0,46.0,0.920730214823158,4.804942268965662,0.13925301046813762
7.0,55.0,0.8813218330780854,6.6066981900764405,0.1352960723040798
21.0,52.0,0.8529632933402742,6.547506840212944,0.13979380520365628
19.0,49.0,0.9930005866030498,6.666771917483191,0.1392677823194864
18.0,54.0,0.8954817901706214,6.317164100700176,0.13940336407694726
13.0,56.0,0.9344666686967,6.41473318160813,0.1396517144440505
11.0,47.0,0.8403623570431976,6.59121446617847,0.13758630698645505
21.0,52.0,0.8764035410280194,6.475377151061925,0.14041146089470408
21.0,24.0,0.8731206676176901,6.193841364093887,0.13817800161992613
24.0,50.0,0.9115932853660865,6.369896517027717,0.14021085176611764
23.0,50.0,0.9288645232525883,5.983459013435339,0.14001590612979412
24.0,48.0,0.9020855344460622,6.364452446313567,0.13992684617515602
20.0,52.0,0.9711190002654766,6.489344708777043,0.13927554585469934
24.0,43.0,0.881721760898822,6.243347198320891,0.13950431528371238
17.0,53.0,0.9115014532824535,6.458756521921709,0.13976976523154078
26.0,50.0,0.8534241957267407,6.325007729311702,0.13969956773460102
22.0,35.0,0.9370193869918256,6.556757346380005,0.1391928504536425
19.0,45.0,0.8705110617945379,5.6440014291599745,0.1391867921935469
21.0,57.0,0.8945711837225471,6.409888687128899,0.13973564396361265
24.0,47.0,0.43883494913719256,6.49062603211515,0.13794573215399777
26.0,52.0,0.8372518252074436,6.285208516744289,0.13969352709004754
23.0,50.0,0.9231046984717769,6.028149720997453,0.14018697967105528
23.0,50.0,0.9211137480625123,6.107185757106239,0.14001866396146495
20.0,54.0,0.9647181881643649,6.368305810365276,0.13934330429072456
22.0,48.0,0.9082314076528146,6.139208275685286,0.14014714025003525
22.0,87.0,0.9468174375543691,5.962879653473004,0.13885838549220228
25.0,48.0,0.916734949746043,6.1726694896321375,0.13990362479499224
24.0,51.0,0.9034548402271512,6.256931443856032,0.1399862451341661
28.0,46.0,0.5688638567921868,6.053310582944338,0.13914984077046755
21.0,56.0,0.9480151232972636,6.181473718720019,0.13949271550061842
18.0,49.0,0.7227465519391962,6.6341224593916595,0.13901184974769687
23.0,53.0,0.8659431187435861,6.406622755611996,0.13983814694467758
15.0,43.0,0.8855915275359745,6.525719973571225,0.13975727608884547
19.0,45.0,0.919559152837673,6.32203829877288,0.13976955195799678
22.0,58.0,0.8533014390859006,6.102540208185504,0.13926147998677396
74.0,52.0,0.7522336148899541,6.45816342869882,0.1350403234524323
26.0,40.0,0.8928363988006129,6.256415470974975,0.1387194508330222
10.0,55.0,0.981056663322289,6.709096950765957,0.1383608237671713
20.0,50.0,0.8274225188786727,6.5369439148515465,0.1403169922486624
21.0,49.0,0.7787132266026261,6.587480578790329,0.13947687061875672
20.0,47.0,0.8323266240938151,6.5346960852810065,0.14008670211802385
20.0,47.0,0.8206946094767812,6.519727175251707,0.14018241943191878
18.0,47.0,0.825738646899993,6.558404272451395,0.13952297791923157
20.0,45.0,0.8395362569691568,6.36536768046565,0.1393798754856219
19.0,50.0,0.8212826263026259,6.502758589761333,0.13993089736313466
22.0,48.0,0.8575798475357285,6.620797798254073,0.1398906007653529
20.0,51.0,0.8373512972187557,5.362041018992806,0.1389518106134505
24.0,47.0,0.2037671225028187,6.407332773555624,0.13623804633649322
17.0,44.0,0.7394561380713367,6.490389040961855,0.1392815144038253
22.0,52.0,0.6769786455465743,6.351622153534589,0.13857165143637237
21.0,49.0,0.8048979181860002,6.562277884017497,0.13968733238234052
24.0,53.0,0.7934186855199199,6.745966794444479,0.1400022641795857
23.0,55.0,0.7700497913175051,6.647697375941288,0.14005415694551035
23.0,56.0,0.7534806546099209,6.653672424354994,0.14009157161038518
23.0,57.0,0.7679770791011529,6.640077763950495,0.14025157990471077
21.0,59.0,0.7161870980214112,6.713307066733591,0.13942583982735
19.0,56.0,0.7469536501709052,6.527749648382,0.13987536714485285
23.0,59.0,0.7619020608857872,6.648171705806589,0.14025055355116373
23.0,60.0,0.729786493900782,6.62227432252471,0.13986042818397978
20.0,58.0,0.7662656966063097,6.490172117458899,0.13985225620904312
23.0,57.0,0.6937259814471347,6.4201073427918685,0.13926740045907948
25.0,51.0,0.7564677849286872,6.764505598910723,0.13984058837885635
22.0,53.0,0.7934981169992478,6.590080203227908,0.13923179944084027
24.0,61.0,0.7818614873387788,6.697936780196863,0.1401971527086675
24.0,61.0,0.7398839580540936,6.657229362695733,0.14012474891166682
25.0,61.0,0.7096954261148927,6.662590739228901,0.13995426249351872
24.0,60.0,0.7393097423036409,6.548698707131848,0.1405633302182116
24.0,101.0,0.7471434992143842,6.441069000474061,0.13887134709567384
25.0,62.0,0.7695624797364606,6.6334350357393745,0.14014578603007247
27.0,62.0,0.7753239699135681,6.555066583954647,0.1395432804610519
25.0,63.0,0.7311558196508396,6.304643839770555,0.13977858450319172
22.0,60.0,0.7104592388763896,6.486377909994434,0.13955027457458893
25.0,64.0,0.7704429543845664,6.61581002650455,0.14010874954648264
25.0,65.0,0.7698859828714785,6.692888262455656,0.14011194035112096
28.0,66.0,0.7594095076854123,6.710819529093837,0.13937130149034452
26.0,62.0,0.7641618378331273,6.617875221862049,0.13963914184727982
25.0,59.0,0.7383999444738905,5.840477223177293,0.13915676743588867
28.0,64.0,0.7818534959429707,4.823062785039567,0.13866977262715266
24.0,60.0,0.7841582234397444,5.738447392664654,0.13962307005731225
25.0,62.0,0.5117227633066419,6.577586043697961,0.13881788122756303
27.0,65.0,0.10209935394132291,6.681132615873272,0.1353594369940629
23.0,59.0,0.8102817578620843,3.184487870044674,0.13753822214563188
26.0,57.0,0.590945295040685,6.378347785281557,0.13899271091459295
24.0,64.0,0.9057096999917711,6.516768866479872,0.13972247911415814
23.0,68.0,0.7322998899373461,6.784505019339188,0.13963942730549794
26.0,58.0,0.7805803676816252,5.617220880380819,0.139006629557075
22.0,61.0,0.8825703325841849,4.484152761233101,0.1393788742914229
54.0,55.0,0.7564417716403972,6.616777035792492,0.13836173817188283
24.0,57.0,0.9340030903589878,6.44813085946508,0.1399362950147792
28.0,114.0,0.6398705303756405,6.294795881230055,0.13815957162288484
21.0,61.0,0.7700840893972142,6.554169569850679,0.1395829033415633
25.0,64.0,0.8081934508083144,6.734624855175577,0.13976005219157284
22.0,54.0,0.7243125294874173,5.970753637289011,0.13998687201121562
27.0,50.0,0.32789542864732824,6.371300601569026,0.1365919527726386
24.0,59.0,0.6928745241395102,5.90889427592432,0.139913925949851
22.0,54.0,0.8648244237434233,4.990385161462653,0.13981794044314952
26.0,49.0,0.9076187019187588,6.479528467214552,0.13953953880223596
41.0,57.0,0.9980988385883359,6.880401826129664,0.13800772265402222
21.0,51.0,0.9529548836538965,6.652910873377802,0.14024205577517315
21.0,51.0,0.9410475799227008,6.054700861396322,0.13946098822859096
20.0,48.0,0.8907308069303826,6.688181269611558,0.13954047102230285
23.0,53.0,0.9612683872564043,6.2230634559814275,0.14005572853615206
18.0,55.0,0.47579583703883166,5.100832278964224,0.1392433552596438
21.0,50.0,0.9761755573118289,6.530569467534577,0.1394995553213009
19.0,45.0,0.9541381011787468,6.836819476977704,0.13944639175980478
23.0,52.0,0.6614165477029528,6.423427699444054,0.13852774239137902
24.0,56.0,0.9237283947884942,6.33991860656946,0.14004563169213383
22.0,48.0,0.8761196427668513,6.651515710291164,0.13962483851677318
20.0,59.0,0.8536646151857051,6.160735212808658,0.13933959221822517
62.0,43.0,0.905870432331383,5.270767637073805,0.13535499276246452
17.0,53.0,0.7517135623752156,6.568683575902571,0.13893723652004045
29.0,46.0,0.6190130861223376,6.7598757141533845,0.1388754570981923
24.0,50.0,0.5504397746702655,5.540394220019236,0.13910204295144005
22.0,55.0,0.7894279164538056,6.495278741244521,0.13985927957373337
19.0,58.0,0.7301544643175762,6.303248175059654,0.1395005445057411
25.0,51.0,0.8150023540651632,6.439542137936676,0.1396429926866965
27.0,62.0,0.9282296316486016,6.656414421209888,0.1393893156246249
21.0,47.0,0.7062328780285309,5.826832645949375,0.1394752505291461
23.0,53.0,0.8907155010826366,6.581671442632907,0.1399894605858278
21.0,56.0,0.7434868262808453,6.378780969859427,0.1399191880912064
26.0,60.0,0.84560314879825,6.252205037977175,0.13911382750421275
47.0,50.0,0.9538621325919858,6.693637632085897,0.13850955409111065
18.0,48.0,0.7997316516079367,5.77997044587335,0.13947040851195636
24.0,57.0,0.9140350618988556,6.490875846840707,0.13998419345503704
23.0,53.0,0.8213579560013423,6.819737042364835,0.14015118516965708
22.0,52.0,0.8324188963394736,6.8613666070761825,0.13922474010801605
20.0,54.0,0.8656947654079766,6.811673074842548,0.14003385830580403
23.0,45.0,0.6772665836007372,6.116369097893989,0.1390461301137935
21.0,49.0,0.8251680087683378,6.0201220368717765,0.14020104251057747
20.0,50.0,0.8131405522296775,5.924376018305526,0.13967599427805022
18.0,130.0,0.8313788989533829,5.975470480543709,0.1380898299163265
22.0,54.0,0.85473068713728,5.668097543963836,0.13999836589396542
21.0,52.0,0.7959923372388611,6.568015268202288,0.13984771588136535
19.0,49.0,0.8180601498952759,5.882776238804142,0.13981851483472255
23.0,56.0,0.8744587177576095,6.916314423750381,0.14000810190632149
24.0,51.0,0.8432383861800767,6.050051740656559,0.13993361169355215
26.0,54.0,0.3718216279557319,6.425813773691353,0.1380163381538736
16.0,42.0,0.720176976900365,6.751273572150517,0.13927754198225714
21.0,58.0,0.7810867132428686,6.506670470466313,0.13946438390231086
23.0,47.0,0.8841972594868425,6.597566618479158,0.13943896499878672
19.0,60.0,0.013707080183268605,6.359182492636516,0.12965393541512393
25.0,52.0,0.7432093714730477,6.472078312109706,0.1402662696214815
28.0,56.0,0.7496483983620879,6.611511636053986,0.13927657310544375
21.0,52.0,0.8203720911824038,3.9002899793611463,0.13899808985737197
25.0,49.0,0.7944972424630867,6.027696950151514,0.13961979889156567
22.0,54.0,0.8527491744106366,6.492240972950974,0.13995688664810893
24.0,58.0,0.7643854230443039,5.7579418705876755,0.13972443407457993
31.0,45.0,0.9023421546098402,6.745221735931205,0.13860061898561907
17.0,49.0,0.6922843914841063,6.65729185288964,0.13927258259509678
20.0,62.0,0.8025096130856121,6.292935258561782,0.13926994736800322
27.0,52.0,0.7385596036000452,6.421331356089709,0.13977460809794368
23.0,55.0,0.8308949659583037,6.823943133629172,0.14010724591508708
25.0,60.0,0.2671921145623576,6.9469847100226145,0.13671363898357358
38.0,51.0,0.7780403159742107,5.3886364710826,0.13759974866784272
19.0,47.0,0.8632481458350275,6.557734414521548,0.1397705426691289
22.0,57.0,0.978077618584337,5.583636895234519,0.13977797451230917
24.0,53.0,0.706430740392947,6.377723780716571,0.1397374255448539
21.0,43.0,0.895165995153787,5.159421826154809,0.13963411176505072
26.0,49.0,0.753132203954881,6.495468406237469,0.14010700280383964
18.0,55.0,0.9408856653081721,5.421230661995382,0.13906234349826294
29.0,58.0,0.7843446303809724,6.169313695948565,0.13885529636621635
23.0,61.0,0.8731752062091556,6.656419559664897,0.13930876369675707
20.0,84.0,0.816887465826456,6.539817935962176,0.13920248268699303
22.0,46.0,0.7265055870883532,6.27732676505759,0.13886162494613402
25.0,51.0,0.9176985965258783,6.735363251832683,0.1392292641212298
16.0,54.0,0.6566004512669624,6.449711227441438,0.13918386498625518
21.0,48.0,0.7571488594246121,6.618524029091406,0.13934681658417417
27.0,56.0,0.8400466601437407,6.35014165206361,0.13898482990315145
23.0,50.0,0.7917122147034295,6.805877240041881,0.1399121744784949
24.0,53.0,0.7690944277454915,5.687314907929759,0.13972500007919483
19.0,60.0,0.4899049710923188,6.095347957953925,0.13904911936276243
22.0,45.0,0.6205813375641661,5.5369922288907265,0.13908249777209675
26.0,58.0,0.7374884600580219,4.562811945656357,0.13933901413391728
44.0,63.0,0.8890072914356926,5.873928027171045,0.13764773744030423
20.0,51.0,0.8517954390456177,6.550491654941783,0.13988228171658673
24.0,48.0,0.8112016092486116,5.474866030122346,0.1397778581963582
17.0,67.0,0.6795523694208535,6.220535158537901,0.1392205115554406
21.0,55.0,0.9508720448845714,6.436271972922444,0.13917813963060097
23.0,53.0,0.7116735121464528,5.251463264933698,0.13959076628053316
25.0,58.0,0.9982282023312848,6.677095455092265,0.13946184231259975
19.0,49.0,0.6494138190064359,6.014062944232181,0.13965265161227783
27.0,42.0,0.5643494257923383,6.595912386190455,0.13814184318088787
22.0,52.0,0.9021578146486047,6.485029833566646,0.14010185976995043
25.0,62.0,0.8718405001879964,6.3551903359347355,0.13920425462968727
20.0,56.0,0.8288469290598506,6.707787764400929,0.13990919301972632
23.0,46.0,0.7762684135405801,6.914406157195939,0.1388661139704965
30.0,50.0,0.8024121707959847,6.564901807218742,0.13809733460624496
1.0,91.0,0.9258660190089556,6.431371264046123,0.08795982752402012
18.0,60.0,0.6000586406498708,6.285894710868695,0.13907845488665216
21.0,53.0,0.7528225109907264,6.818654800048238,0.13926224682786043
26.0,44.0,0.7246704609684138,6.502670262096402,0.13993797693831092
24.0,57.0,0.9650486026398979,6.627356837957051,0.14000097639447828
22.0,47.0,0.8516987422813235,6.3774439126254805,0.14002121046788416
28.0,55.0,0.8786834930129988,6.162196468475307,0.1389768719258017
24.0,51.0,0.7662869573271065,5.928593995602055,0.13964768893952667
20.0,64.0,0.19247398788523734,6.737325035371933,0.13652739129334956
4.0,50.0,0.5837570163274144,4.99340770300846,0.12972718673737027
16.0,59.0,0.9140376958329288,5.806864024568884,0.13931957739859452
22.0,54.0,0.8273785539908994,6.528437646693541,0.14014642630704865
22.0,54.0,0.8303354570026886,6.47092930683034,0.1398789871616839
18.0,48.0,0.8043337610455473,6.982895476709282,0.13906775686542772
22.0,54.0,0.8456840602136846,6.3212680771739675,0.13994873550312315
20.0,52.0,0.43646005371866003,5.371370442842841,0.13887470789535733
21.0,56.0,0.8610843863428356,6.539803508977075,0.140042323146868
19.0,49.0,0.8202941449328813,6.221496985237142,0.1398344375380698
23.0,45.0,0.12086956994657111,5.326663631442938,0.1358653845544354
26.0,52.0,0.8885751372007946,6.398457460302877,0.139483835160284
21.0,47.0,0.7910970186463683,5.177800464376843,0.13937991137945724
18.0,56.0,0.8321800150636386,6.531401652592865,0.1397310674670071
25.0,50.0,0.8097278659044931,5.071668958736681,0.13931083846162026
23.0,54.0,0.8993212149181559,5.739335736562186,0.13933403386202825
23.0,52.0,0.8699701856678883,6.108189185973796,0.13999816731628492
15.0,57.0,0.7749655103912624,6.447681770529532,0.13910667747113425
20.0,41.0,0.6414575001146257,6.604793298844465,0.13914732852720865
35.0,49.0,0.9501617126040675,6.294812421384256,0.137511306790376
25.0,44.0,0.5282893862009463,6.38647642427025,0.1385983787391944
27.0,53.0,0.24441763416409995,6.67967165764447,0.13647663291166934
22.0,59.0,0.8458192552235189,6.530378048461809,0.1398809062860475
17.0,47.0,0.9221607441967316,6.782937548575306,0.1395357423666203
19.0,55.0,0.79269507989103,6.878383136029579,0.13996392300612426
24.0,51.0,0.7488448777372602,5.287978242076205,0.1397675841471097
21.0,58.0,0.9397599209608033,5.959736868655995,0.14003911986993134
26.0,49.0,0.6961641201410373,4.035745593611912,0.13960749812705608
29.0,53.0,0.9787198053214432,4.401790282935435,0.13818644042872652
51.0,46.0,0.8826682209775525,6.6078919015196105,0.13757685844185186
24.0,56.0,0.826052506901724,6.461644732235161,0.13960530713452587
21.0,51.0,0.5975239841305577,6.249766872185265,0.13922560629134917
22.0,61.0,0.858786881835752,6.350911223868938,0.1395331238771435
33.0,49.0,0.6194139014217208,4.694862386896514,0.13799994911301602
20.0,54.0,0.7881401656755221,6.5644864401662515,0.14012604346120086
23.0,59.0,0.8996638480149992,6.084792076362024,0.13998118503439888
8.0,44.0,0.4698414914152396,5.55061685424004,0.13442975136762647
25.0,51.0,0.8124063348128021,6.7297971145367015,0.14067279772604566
27.0,56.0,0.8112121688626615,6.707140235933432,0.13963754674281037
25.0,52.0,0.7812140573217798,6.754866621341977,0.14022631879773356
29.0,95.0,0.7694464492408728,6.799820508188771,0.13864546496545985
26.0,53.0,0.7984417119040098,6.706669456430613,0.14015992464311108
28.0,53.0,0.8001385369492732,6.871624323033936,0.13904592468402205
27.0,52.0,0.8128305608354708,6.756639014601614,0.13964912752083708
26.0,47.0,0.7866022977949798,6.7342152024392625,0.13981762922872715
74.0,55.0,0.8294812639500534,6.903278461035077,0.13494679360334444
25.0,51.0,0.7400908366790294,6.990275050328758,0.13947614771477923
25.0,49.0,0.8021101020215012,4.894358078076959,0.13961182949455578
28.0,54.0,0.7602170346431317,6.670017267783286,0.13914526369128752
24.0,57.0,0.7841823913229682,3.5850736335978084,0.1378060439619761
26.0,48.0,0.8380823993473693,6.820324852358256,0.1398077750818063
31.0,52.0,0.7160992281334152,5.613845037458291,0.13876967961064557
24.0,54.0,0.8236550453061451,6.733777697069347,0.14026144522475703
27.0,51.0,0.5329028265996205,6.805151510588248,0.1381318170708622
24.0,57.0,0.8052109506929357,6.728249031479025,0.1402358592382122
25.0,57.0,0.7910569001659631,6.863269013909991,0.14028995576750045
30.0,59.0,0.7799418196441422,6.736652654575362,0.1382160861038952
28.0,58.0,0.7973196893538541,6.864679211920078,0.13922689784643616
26.0,57.0,0.7625826556890642,6.720127216699636,0.14018534526677623
26.0,61.0,0.7564292306947666,6.729541400633661,0.14006995903750402
28.0,57.0,0.7358729003785892,6.927167456655961,0.14002049473924236
25.0,59.0,0.7665724883173815,6.663684118365981,0.14040616587745475
24.0,63.0,0.7617763567423396,6.794589289825455,0.14031445118974253
25.0,65.0,0.7617729810722272,6.851085867703409,0.13999734049432525
25.0,63.0,0.7503744223591817,6.662386432292298,0.13984276438044277
27.0,61.0,0.7389088579690443,6.929034646407285,0.13982853221970246
25.0,59.0,0.714205560609654,6.7757005174698355,0.13993724379692052
29.0,63.0,0.7673982332864295,6.786793558644208,0.1390859437616672
24.0,68.0,0.7798698501537479,6.71001842746504,0.139793950502091
24.0,61.0,0.7365875869997972,6.639366140246111,0.14009401827641654
27.0,59.0,0.7639611876952948,5.736967653511079,0.13946958406895799
26.0,60.0,0.6685601312708982,5.468121459874043,0.13984034580610458
24.0,120.0,0.698718845728953,6.837810942100429,0.13879065166500668
23.0,57.0,0.7284498142445771,6.634317232635484,0.13934308366034368
25.0,65.0,0.7788223818460335,6.767866709408113,0.140131248321993
23.0,57.0,0.7461014094235559,5.442681544834029,0.13967120180441941
27.0,63.0,0.7653133687157415,5.837468244588192,0.13926480074816586
24.0,60.0,0.7228329631679097,6.702397406706917,0.13998305845526937
26.0,57.0,0.40346392581773904,6.8953802419877785,0.13811073608248536
29.0,56.0,0.1614397391230351,4.310968210027195,0.13623634832148218
23.0,70.0,0.7848416115100704,6.618750483924648,0.13986495590106912
25.0,59.0,0.8132951622737288,6.776499386583703,0.14000305517480988
23.0,62.0,0.7533332472163378,6.674873590918161,0.13990968193198702
30.0,66.0,0.6924614849469348,4.641372321723665,0.1373663753421693
26.0,56.0,0.42095074923040526,6.999779060913664,0.13789253338489915
24.0,79.0,0.7946165652785593,6.877771132377278,0.13962262935101746
22.0,59.0,0.715555687872761,6.596169902247191,0.13937350704690357
64.0,74.0,0.5097632382358332,5.64158776254792,0.13476677673578882
28.0,55.0,0.7809389843342048,6.711953638493472,0.13921342627859293
26.0,62.0,0.7465998430821854,6.808368031093882,0.1401380105383722
22.0,57.0,0.8130668112925109,5.670733712248114,0.13961429852704405
24.0,58.0,0.7691496993736282,6.5828184852137595,0.1404612114208442
25.0,60.0,0.7646454266292595,6.612975967725298,0.13997793520402035
32.0,59.0,0.7362917384512465,4.201937428367117,0.13782845987801415
24.0,64.0,0.7728223733494102,5.061894442992835,0.13910670365792285
28.0,56.0,0.07784149167269366,6.742406169206029,0.13415820241754306
26.0,58.0,0.4811595489013894,6.6509530687099145,0.13931719199332232
24.0,107.0,0.33543228603012315,5.49905226901702,0.13842979097811098
27.0,62.0,0.7551294422922677,5.9970252262961425,0.13899468361868741
6.0,55.0,0.7135961856980083,6.860877114505912,0.13203100462031386
23.0,58.0,0.6694938840630736,5.314147404537854,0.13930115180026723
25.0,61.0,0.7914105745345829,6.57254591705574,0.13981373730613927
22.0,56.0,0.5451635143043568,5.816201099445496,0.13956163192676194
24.0,55.0,0.9721568579784878,6.682663877089552,0.140008101590646
27.0,66.0,0.6065152114395935,6.772716064870863,0.13903267640281416
23.0,59.0,0.6367580272552325,5.876371567930161,0.13964740994095093
25.0,63.0,0.7341163072323895,6.5414027716248375,0.13981154605953325
30.0,54.0,0.5434944509174919,6.949361142762323,0.13875991770632182
40.0,58.0,0.7702341050278062,6.589385658174824,0.13780779725874895
59.0,61.0,0.8004667842714303,6.495946455193086,0.13664500536857407
22.0,55.0,0.7416250677125137,6.835168960639213,0.13850936252552815
26.0,58.0,0.5095989455982443,6.687629666654581,0.13905221968095943
28.0,54.0,0.7033578259210065,5.556045963173991,0.13887175758281478
24.0,61.0,0.6789107278207224,6.764177665047679,0.13940822364065839
22.0,57.0,0.7592183142570391,3.172725913047082,0.13791726105037552
25.0,53.0,0.7825169884614359,6.6215184534172975,0.1405486188347632
21.0,88.0,0.7862377077779604,6.4836441503591,0.13918976577261877
23.0,52.0,0.803855559671492,6.5752597697420665,0.1401721827960173
24.0,104.0,0.9540907221669161,6.630176951223897,0.1390148070259662
13.0,53.0,0.8369369250536209,6.049395929108758,0.1397352805639828
21.0,51.0,0.9900675446108871,6.446881391534044,0.13931420622545385
25.0,54.0,0.7806537713011871,4.786737948300329,0.13914801051761105
23.0,50.0,0.8137969529988321,4.270192414793588,0.13940824493841622
27.0,28.0,0.4552616766681747,6.556298157520306,0.13781168560770393
25.0,54.0,0.36811678209486476,5.408316569031556,0.13851033124929601
