UserWise, 6 groups. Version 15 of notebook. Best of leaderboard up to now (06 02 02) is 0.07859379381621226 on val, 0.09847160817320726 on test.
Submission scored 0,14072 :(
Trial,SLIM_w_group_0,RP3b_w_group_0,ItemKNN_w_group_0,SLIM_w_group_1,RP3b_w_group_1,ItemKNN_w_group_1,SLIM_w_group_2,RP3b_w_group_2,ItemKNN_w_group_2,SLIM_w_group_3,RP3b_w_group_3,ItemKNN_w_group_3,SLIM_w_group_4,RP3b_w_group_4,ItemKNN_w_group_4,SLIM_w_group_5,RP3b_w_group_5,ItemKNN_w_group_5,Accuracy_val,Accuracy_test
0,0.11687535597895099,0.36260731936000967,0.5205173246610393,0.15629926498612248,0.44413883718325325,0.3995618978306242,0.09229388895318413,0.7919771287055889,0.11572898234122696,0.5060471980053747,0.12583530328800338,0.3681174987066219,0.551940142239969,0.34526821854698025,0.10279163921305061,0.42969952436471326,0.3926078524870922,0.17769262314819453,0.07757757809955375,0.09750162503849155
1,0.11722197096443936,0.25600381322527727,0.6267742158102835,0.2953859235485396,0.464904802496588,0.23970927395487232,0.5733989936828563,0.29927000160482636,0.12733100471231742,0.05598473738057196,0.5530272299168613,0.39098803270256677,0.21127790153996065,0.5356114178572695,0.2531106806027697,0.5640373494293555,0.40576305177761474,0.03019959879302993,0.07739966220601208,0.09636737548170878
2,0.22826458694525617,0.384053304156621,0.3876821088981229,0.006296602417658473,0.9515155893103628,0.04218780827197861,0.35421442162650807,0.08958698548710131,0.5561985928863906,0.07649402261399106,0.6306414611414061,0.29286451624460286,0.26931224894976397,0.1233961344922266,0.6072916165580093,0.10388638309501451,0.16133029604657545,0.7347833208584099,0.07606023468914219,0.09359929606228123
3,0.6577025177072744,0.20455857752778386,0.13773890476494186,0.47711765669715694,0.23147759453162245,0.29140474877122063,0.001865911292380133,0.7045196359056854,0.29361445280193443,0.5473639647995988,0.42336510379211173,0.02927093140828949,0.2801062967520969,0.6244783222477351,0.09541538100016793,0.24921207705916756,0.2575529117197791,0.4932350112210532,0.07675176200819353,0.096344736330371
4,0.6366730923117317,0.27819433002484184,0.08513257766342634,0.02287840835528611,0.5854694920148505,0.3916520996298634,0.23023673574277842,0.6090873308810553,0.1606759333761663,0.028343772162209607,0.827032519324864,0.14462370851292647,0.028108718388813823,0.5363054309200841,0.4355858506911021,0.1772590775914377,0.1826757564052746,0.6400651660032878,0.0754958590734417,0.09357399772642556
5,0.6615494197858094,0.015606776069401179,0.32284380414478947,0.1887151009348712,0.6206062230898077,0.19067867597532107,0.8960757682204529,0.08549345366304381,0.018430778116503253,0.28269754852416146,0.7009730760858253,0.016329375390013303,0.5760427112047649,0.10491037797704796,0.319046910818187,0.05011439710569837,0.7490275515004221,0.20085805139387955,0.07627983932463364,0.09521526064008315
6,0.5120073110233041,0.4370540804233928,0.050938608553303136,0.22502641435552628,0.3529091673960853,0.42206441824838836,0.029405561728663453,0.5776441674079523,0.39295027086338424,0.20091245011571443,0.7029521546474923,0.0961353952367933,0.10489024323479203,0.18682872136915998,0.708281035396048,0.1814009570165941,0.09769019416742733,0.7209088488159786,0.07548212273754981,0.09390807593733393
7,0.5946410998732216,0.27136097570043166,0.13399792442634675,0.07187124857684657,0.35145783827927096,0.5766709131438824,0.19466159258863397,0.5932937123834409,0.21204469502792522,0.13954476237423014,0.7946683898612761,0.06578684776449369,0.09328703864964959,0.7523194200317609,0.15439354131858954,0.31539557154262404,0.04794603710520291,0.6366583913521731,0.07547974118880285,0.0944735353742567
8,0.29901015746645476,0.4375489385910033,0.26344090394254194,0.0741097901729529,0.15862537645433236,0.7672648333727148,0.2832335668727323,0.634226740475729,0.0825396926515387,0.1937282793609994,0.7189093126799525,0.08736240795904814,0.2619895703089125,0.5617023593994949,0.1763080702915926,0.33446918548133436,0.3069773111645223,0.3585535033541434,0.0763151279357701,0.09595457880319914
9,0.1841730509761121,0.02468267735918809,0.7911442716646998,0.1812765335211631,0.4001609243397035,0.41856254213913346,0.0025767564110995072,0.7890831857814264,0.20834005780747406,0.003698616358119018,0.14735908585929347,0.8489422977825876,0.14539993523947725,0.3843406261448166,0.4702594386157061,0.17428632042392225,0.4363775263412126,0.38933615323486526,0.0760913485967012,0.09395114805866735
10,0.014842540442327577,0.6077363809657843,0.37742107859188795,0.6345113711902928,0.16408158248279456,0.2014070463269127,0.5004023332852998,0.23635073961666844,0.26324692709803166,0.9803510117789955,0.009014600782789442,0.010634387438215126,0.9817045417706204,0.0054631899643369985,0.012832268265042539,0.8759409518980573,0.09016794895472693,0.033891099147215754,0.07743888255984965,0.09736752683113249
11,0.0058657994348641175,0.6770200847134363,0.3171141158516997,0.674122525582637,0.14103948696281182,0.1848379874545512,0.5875689080594182,0.18492291321308643,0.22750817872749535,0.9307938668243763,0.023821054770904102,0.04538507840471969,0.9951312419551691,0.0035902809494078734,0.001278477095423048,0.8439044875675544,0.10714202161847158,0.04895349081397393,0.07759812016607535,0.09744254169024628
12,0.003323183550522532,0.536459633568234,0.4602171828812435,0.7559255439960783,0.014559987474554788,0.22951446852936688,0.18066651627113875,0.2842815427794787,0.5350519409493825,0.94593151112259,0.006353083266658253,0.047715405610751785,0.9886658222901938,0.004704150477668335,0.0066300272321378265,0.8665267745395268,0.08593391554939162,0.04753930991108161,0.07736373737898918,0.09689261664060422
13,0.03483140459070366,0.5812670710870972,0.3839015243221991,0.4378273795863602,0.1762349091281847,0.385937711285455,0.458205476434886,0.395139284170422,0.14665523939469194,0.4753846615058801,0.28074954172477734,0.24386579676934264,0.756138540495932,0.09213576455210234,0.1517256949519657,0.321876217180621,0.6588180577067123,0.019305725112666663,0.07767195036351035,0.09778366379783672
14,0.2624382277719615,0.4636674499677141,0.27389432226032434,0.670730573322278,0.24916752391557234,0.08010190276214964,0.5891270387063982,0.20729725859604742,0.20357570269755434,0.27113135545401235,0.16048931976527292,0.5683793247807147,0.8250944726829705,0.08510458593478687,0.08980094138224275,0.2811826454093979,0.7077239252694487,0.011093429321153443,0.07740628856330063,0.09690233988008289
15,0.02555250922461863,0.5032235981137423,0.47122389266163894,0.5915728483148888,0.08947055995594175,0.31895659172916957,0.4547429799933181,0.23537583707204585,0.3098811829346361,0.6576037847828721,0.19052931357048483,0.15186690164664304,0.8778604216176312,0.0993139799770657,0.02282559840530302,0.016071862035594395,0.897954046173459,0.08597409179094667,0.07687869681478418,0.09675959182172594
16,0.02839370671033524,0.2784564900969858,0.6931498031926789,0.5807591574052574,0.08109324587489838,0.3381475967198442,0.6199231736916131,0.1826063419793863,0.19747048432900063,0.3875699580264594,0.36867314997148004,0.24375689200206058,0.782750187237642,0.10599267872562888,0.11125713403672914,0.500380176596992,0.49898053426695865,0.0006392891360493933,0.07795659940835202,0.09810629245838419
17,0.031201534113557663,0.28803235025141455,0.6807661156350278,0.5636765583124094,0.07103696466470598,0.3652864770228847,0.1898417151667895,0.24368878428484267,0.5664695005483679,0.5144373143382127,0.19455108208015784,0.29101160358162953,0.6406325238035167,0.13507789995886343,0.22428957623761991,0.4508717723498274,0.5479344502143968,0.0011937774357758239,0.07796594485877771,0.09791902677013159
18,0.07792894280020843,0.1863405967888909,0.7357304604109006,0.6042778124763424,0.00441142662457506,0.3913107608990825,0.1660098136864873,0.217700954699836,0.6162892316136768,0.5350508079783838,0.2189210197819326,0.24602817223968365,0.7032024335165364,0.19631264995854908,0.10048491652491441,0.44942930551165505,0.5485605782895209,0.002010116198824038,0.0778643161057497,0.09765852309559496
19,0.03998621613915232,0.349984170297031,0.6100296135638167,0.7252140484074842,0.05432993747781,0.22045601411470575,0.2803100519251758,0.2127689655660642,0.5069209825087599,0.48025981048208893,0.16207286960366923,0.35766731991424183,0.4135478836127928,0.3073009796614892,0.27915113672571795,0.3732592192305003,0.5264893465004512,0.10025143426904842,0.07799906992986778,0.09795049059783048
20,0.07933394374295226,0.2866381663034554,0.6340278899535924,0.8200914010368252,0.07201255716686113,0.10789604179631375,0.26103684519714165,0.19491899216107003,0.5440441626417883,0.49852907386019857,0.1690189390318587,0.33245198710794277,0.38018981248821027,0.36884621462201667,0.250963972889773,0.43866352053666974,0.4111936215118689,0.15014285795146132,0.07812992872689035,0.09769881017657082
21,0.08396277161184174,0.2962711645638297,0.6197660638243286,0.8247550133544738,0.0640915619677095,0.11115342467781678,0.13034795775516989,0.09584767578579302,0.7738043664590369,0.4775628356025565,0.16038551090088787,0.36205165349655566,0.36226171447184535,0.3922847661757457,0.24545351935240906,0.44411207038736805,0.3973077094202026,0.15858022019242937,0.07733397616886335,0.09704351342622876
22,0.03880354157015191,0.4215219394152608,0.5396745190145872,0.9405745491361974,0.0276518059276444,0.031773644936158314,0.27454900994937576,0.22323041911976105,0.5022205709308631,0.5175559128768807,0.15592417539646372,0.32651991172665557,0.4438605308127091,0.2894206519575375,0.2667188172297535,0.4051718844219338,0.48841096501732884,0.10641715056073728,0.07825417292662804,0.09776421561898888
23,0.09724041997409609,0.28880947482754377,0.6139501051983601,0.9287898867160554,0.043518266560053316,0.027691846723891283,0.2860166538675133,0.17545123913635294,0.5385321069961337,0.5144762872242431,0.18355343585478548,0.3019702769209714,0.353705227189216,0.38410677374568214,0.2621879990651018,0.3832185432032418,0.45262928662602103,0.1641521701707371,0.07803752099656311,0.09747392587319542
24,0.10731392026280465,0.31295685418085795,0.5797292255563374,0.8901545882523713,0.10862490103652932,0.0012205107110995084,0.25990667393955164,0.17242323471770504,0.5676700913427433,0.5688862002582362,0.1454211731515686,0.2856926265901953,0.3117058506181426,0.3309796287659139,0.3573145206159435,0.48110523389609133,0.3222676917096197,0.1966270743942889,0.07807531179045486,0.09738995200968777
25,0.1734215924950127,0.3130888159818544,0.5134895915231329,0.8301256277871674,0.16935398303297464,0.0005203891798580437,0.25555638291055544,0.18699675513774974,0.5574468619516948,0.5777237432730952,0.16139845754308182,0.2608777991838231,0.21279898003466163,0.40900124864906134,0.3781997713162772,0.3444794908306779,0.25044805878660215,0.40507245038272,0.0776869245879519,0.09680531404897699
26,0.09685418698157022,0.37235372795209437,0.5307920850663355,0.8601125414638404,0.11553726868671396,0.024350189849445567,0.356496597673876,0.20099013498029994,0.4425132673458242,0.7409300908157777,0.07233886245631886,0.18673104672790353,0.3163259900533352,0.35663659014947646,0.32703741979718826,0.11393025485632144,0.20056502048764605,0.6855047246560324,0.07755486180186878,0.09603039978561322
27,0.040121768784295325,0.4552046063318947,0.5046736248838101,0.8040009050907313,0.11472318619461927,0.08127590871464942,0.3835211956595949,0.14772611327160598,0.4687526910687992,0.5320682512863083,0.23729648314112606,0.23063526557256567,0.399475653064973,0.31257938241954875,0.28794496451547813,0.1792251629464316,0.5426296864372839,0.2781451506162845,0.07807724193476155,0.09736222303511352
28,0.031747913972726444,0.5031557548007006,0.4650963312265729,0.8362216745293977,0.07798081540418966,0.08579751006641262,0.3195235843404178,0.19508976386028012,0.4853866517993021,0.4856120415528917,0.29462835111711344,0.21975960732999475,0.2829237019324854,0.35663451020453035,0.36044178786298436,0.17651795568647694,0.5625012888119763,0.26098075550154687,0.07785691106700372,0.09715276352067782
29,0.05078358945411973,0.37964269073550094,0.5695737198103793,0.759079884679219,0.14734106945321582,0.09357904586756499,0.539440418344472,0.20179600446732576,0.25876357718820225,0.5031141990021539,0.20670178425353442,0.2901840167443116,0.3480779583296685,0.34065734203025394,0.3112646996400776,0.012816704025593527,0.4871376713832188,0.5000456245911876,0.07790688162904957,0.09684198393875625
30,0.003948909102415849,0.45085755073254347,0.5451935401650407,0.840858117967182,0.10836452254562863,0.05077735948718938,0.359650818253587,0.22489371139503986,0.41545547035137315,0.49367381962867596,0.24212624504415667,0.26419993532716735,0.49070642729381747,0.274119170419969,0.23517440228621353,0.11786218470340495,0.4254024324706661,0.4567353828259289,0.07806871428535402,0.09697761095344923
31,0.07367762859514419,0.36228488578793233,0.5640374856169234,0.8531356675055355,0.1348164991433165,0.012047833351147886,0.2860507666898611,0.17543175864484636,0.5385174746652927,0.48282227417337087,0.16271768731301095,0.3544600385136183,0.3516187127115878,0.3384024198074637,0.3099788674809485,0.4546564751909021,0.3796234648868953,0.1657200599222026,0.07808364499502202,0.09760815516942349
32,0.08278433120417233,0.3895455097184311,0.5276701590773965,0.8738812491873427,0.10985217567963598,0.016266575133021512,0.4162727995241924,0.22226919521348412,0.3614580052623236,0.4792892114661534,0.23816018024858115,0.2825506082852655,0.40289954151866253,0.31019379849627915,0.2869066599850583,0.36388385557523867,0.5159819527716858,0.12013419165307558,0.07822626475129067,0.09767780829155219
33,0.09824442910726437,0.3053390230395823,0.5964165478531532,0.8696808426593409,0.11597091289403065,0.014348244446628569,0.30846414419779455,0.2603876665058728,0.4311481892963327,0.4780551112955855,0.14044835891719315,0.3814965297872214,0.40416277969055603,0.293728982389767,0.30210823791967706,0.37843238662059947,0.49036970526421725,0.1311979081151833,0.0781987293113373,0.09768554529335056
34,0.07663193055996134,0.24864728829078478,0.6747207811492539,0.7902966362073008,0.18620859275602417,0.023494771036675,0.3468968648478377,0.3101644346848235,0.3429387004673388,0.3935891037517902,0.2845788696810956,0.3218320265671142,0.42271937982388297,0.2696075330727529,0.3076730871033643,0.48905995415427095,0.4009540892528331,0.10998595659289594,0.07815482483116762,0.09759056304380445
35,0.09160198080357877,0.16131729269290157,0.7470807265035198,0.8877270411336042,0.10254240833453498,0.009730550531860725,0.3570779631429146,0.28909513077222004,0.3538269060848653,0.5053579833434627,0.23271538251147522,0.2619266341450621,0.47594531059523104,0.2013658328045736,0.3226888566001953,0.3615107389993551,0.5025753083151339,0.13591395268551099,0.07809869717033258,0.09753342114966
36,0.08984376036252487,0.3207697436913616,0.5893864959461136,0.7409836179805473,0.23974887108988718,0.01926751092956554,0.4191097669335794,0.2634251731742403,0.3174650598921803,0.434150793188776,0.24127618815540577,0.3245730186558182,0.38038797029247146,0.19229057504475347,0.4273214546627751,0.4976262612511528,0.3984936582923142,0.10388008045653302,0.07810818192052482,0.0975904548360539
37,0.21970043672020428,0.3483002430000473,0.4319993202797483,0.7744125269937255,0.22555467954824665,3.2793458027773e-05,0.18795278686760003,0.36892379843258116,0.4431234146998188,0.4189485284154152,0.2630460965054605,0.3180053750791242,0.36494755021363573,0.3601450681664835,0.27490738161988065,0.5694204751036098,0.301073174934437,0.12950634996195323,0.07807084395992286,0.09768506125956032
38,0.0745781225320361,0.32637611364518476,0.5990457638227791,0.723607653417617,0.24268341287592915,0.03370893370645393,0.49609748654750124,0.2678866991529744,0.23601581429952448,0.42657882166636435,0.14547244605044007,0.4279487322831957,0.39150391244506705,0.3158021397796264,0.2926939477753065,0.24939818933105634,0.35900417455599215,0.39159763611295145,0.07818879158441219,0.09724110048247275
39,0.06812649814905725,0.3068576820608325,0.6250158197901102,0.7198767691616019,0.2145713777645097,0.06555185307388839,0.5271318937008582,0.24721416950613792,0.225653936793004,0.41852437445925317,0.14251843624782554,0.43895718929292116,0.39101301058316873,0.33293123476706715,0.27605575464976423,0.18268767604770478,0.3953872590912403,0.42192506486105485,0.07803600788428637,0.09710724986503064
40,0.14545745850893077,0.3655361217576417,0.48900641973342757,0.8823292802313009,0.10497902979589824,0.012691689972800872,0.5173867202619914,0.2929301949733161,0.18968308476469256,0.5853720054490924,0.10848605822975303,0.3061419363211545,0.4357210571451403,0.12809655100827216,0.4361823918465875,0.10090411765877613,0.3645930689589409,0.5345028133822829,0.07783017072614529,0.09653746654243692
41,0.058774774693696505,0.3475357615693187,0.5936894637369848,0.7969653296544496,0.18643061727936472,0.01660405306618572,0.442375436182948,0.27091214646869577,0.2867124173483563,0.5091162146300351,0.25457747955182747,0.23630630581813752,0.42338240276433126,0.28289785777944804,0.2937197394562206,0.4088043894509217,0.38106807617299293,0.21012753437608542,0.0782928294255974,0.09775250536384884
42,0.06497768852602172,0.2908467444666428,0.6441755670073354,0.8432896508715392,0.14167692128863443,0.015033427839826337,0.45866581198334866,0.21810548766326068,0.3232287003533907,0.5246977445870881,0.2603967884630824,0.2149054669498295,0.38382997151553067,0.3173727411092036,0.2987972873752656,0.4108131864281164,0.3050114660523676,0.284175347519516,0.07842750229958628,0.0978100336970036
43,0.03987903983708685,0.22699056577377444,0.7331303943891387,0.7962166050477686,0.19299006541367,0.010793329538561377,0.44663071361592505,0.24724043696316197,0.306128849420913,0.5331586876029873,0.24983563502118147,0.21700567737583115,0.35922242484660577,0.2523219900306089,0.3884555851227854,0.4189707315076846,0.2907128507737659,0.29031641771854944,0.07835012380837325,0.0974215845547414
44,0.028109042116830595,0.19840957982348423,0.7734813780596852,0.7281503440061559,0.2619198747884334,0.009929781205410685,0.4585268244033187,0.22527764955316124,0.3161955260435201,0.5377640270124701,0.2582424421545918,0.20399353083293806,0.35853116951754294,0.2687202080572289,0.37274862242522827,0.41138470929363796,0.2965786739738605,0.2920366167325016,0.07834982066220339,0.09754719236186175
45,0.026878811203903688,0.22144304493017755,0.7516781438659187,0.5655370565914899,0.4248646163100944,0.009598327098415812,0.3440054811132881,0.27796621733064286,0.37802830155606915,0.5247468368119199,0.2879918442688733,0.18726131891920675,0.3374058971923416,0.1957497098084989,0.4668443929991595,0.38792021590039866,0.3240772615193374,0.288002522580264,0.07813462347597988,0.09704274108623535
46,0.03783050291829564,0.2878798947477811,0.6742896023339233,0.6655846152382834,0.29468808580516864,0.03972729895654815,0.4844371334877134,0.25649757291306424,0.2590652935992223,0.7629598529343813,0.13221036497089597,0.1048297820947227,0.29028494705928565,0.2825881876436705,0.42712686529704386,0.33939254307446143,0.39524105139987875,0.2653664055256597,0.07826131825374048,0.09727187439240836
47,0.03593949300532659,0.22127116097844782,0.7427893460162256,0.6898636749003356,0.29999491232096537,0.010141412778699042,0.49247308316087385,0.25227499759939287,0.2552519192397333,0.6333372097651518,0.23002618478845144,0.13663660544639664,0.3038290354271192,0.271612484729202,0.4245584798436788,0.35811909369137646,0.37343558973836677,0.2684453165702567,0.0782317319178143,0.09740511296202653
48,0.027495661606036673,0.26351017172549096,0.7089941666684724,0.6755930517082878,0.2835963064147259,0.04081064187698642,0.4779347017192735,0.2650968954451326,0.25696840283559386,0.5305543079639038,0.26905169583377875,0.20039399620231751,0.20612928053344265,0.32269356852592107,0.47117715094063634,0.33967058356650565,0.32387375329111506,0.3364556631423793,0.07800576613642951,0.09709421265014687
49,0.04024208344400583,0.39179633591689056,0.5679615806391037,0.4831759042607528,0.4112160551600581,0.10560804057918918,0.5597017855963912,0.2237815124559577,0.2165167019476511,0.6419397927533712,0.2344649306104071,0.12359527663622182,0.20184095636458763,0.30152365624921273,0.4966353873861996,0.5574355994816703,0.25961896475901886,0.18294543575931083,0.07818195413877176,0.09724339186242273
50,0.01613542714685338,0.23692241107459203,0.7469421617785547,0.686672625145922,0.30434389286733093,0.008983481986747144,0.4595958647364446,0.297733663028935,0.24267047223462038,0.41855525990247594,0.36207951078274947,0.21936522931477462,0.32961136180657175,0.19524477471472534,0.47514386347870285,0.41235249218201453,0.22439953262994494,0.36324797518804053,0.07789328499631101,0.0971213634372279
51,0.057909149667899805,0.3139488358700633,0.6281420144620369,0.6966017518713276,0.2531663301414832,0.05023191798718917,0.3886602881820735,0.2864995377035555,0.32484017411437094,0.7543246904612121,0.13951928561977797,0.1061560239190098,0.36259862554815586,0.26654958212967544,0.37085179232216875,0.3451074979993652,0.3650864536193319,0.2898060483813029,0.07831086796892278,0.09726367368948176
52,0.0021200028740686596,0.3307430726003283,0.6671369245256029,0.7111928591365411,0.24269947655165863,0.0461076643118004,0.4777963462612966,0.22687677435062764,0.2953268793880758,0.6967455822217082,0.1740980024547813,0.12915641532351044,0.3463742797196151,0.27840185942008777,0.37522386086029724,0.3386032807698674,0.39934861881742684,0.2620481004127058,0.07850388780791138,0.09740211250334459
53,0.05162827494512042,0.3235467135041644,0.6248250115507152,0.6800561681695162,0.2742092320648409,0.04573459976564286,0.3761923914994553,0.2602954435459288,0.3635121649546159,0.5961636188125934,0.22902531998405531,0.17481106120335124,0.38174595486949947,0.2330836420283301,0.3851704031021705,0.37927113742464164,0.318077736722333,0.3026511258530254,0.07826407061153437,0.09739423763649849
54,0.002649060952873789,0.2726201309239199,0.7247308081232063,0.7100855935103297,0.27629283689151385,0.013621569598156455,0.3252100533897458,0.3430237184055166,0.33176622820473756,0.4850131476458845,0.35184832922725295,0.16313852312686242,0.39245554246601455,0.26807601556907223,0.33946844196491327,0.40655578808926207,0.3863425544360295,0.20710165747470843,0.07824341004584992,0.0975716190583607
55,0.04509829811177238,0.32217411581573707,0.6327275860724906,0.6478052167390651,0.2741421584670577,0.07805262479387716,0.48495188163941527,0.1598598042945677,0.35518831406601703,0.5231913419603752,0.2888614805576386,0.1879471774819862,0.3585116561164926,0.3226341404540154,0.3188542034294921,0.4912231897393706,0.28801842384680243,0.22075838641382697,0.07846127887573878,0.09803979745419959
56,0.0464100833925789,0.3309817943057358,0.6226081223016853,0.6290119232946118,0.29084649451471034,0.08014158219067787,0.5709720231737884,0.13236362671066926,0.29666435011554243,0.573342819391809,0.25454204724474255,0.17211513336344852,0.3753147995017155,0.3135469066446187,0.3111382938536658,0.5339278527224102,0.22189668296378795,0.24417546431380174,0.07866613860485382,0.09782712020714636
57,0.043505865613622734,0.3211831347399079,0.6353109996464694,0.5520117809269305,0.3245243045822618,0.1234639144908077,0.5385413142773479,0.18963512689113218,0.27182355883151993,0.6079745200311311,0.26215130419845295,0.1298741757704159,0.35252473903788445,0.33422633402952406,0.3132489269325915,0.6663282237068111,0.06410677203664321,0.26956500425654567,0.07845057008777202,0.0975619234168352
58,0.043035732619034234,0.3241532100082341,0.6328110573727317,0.5588808621380066,0.31447422918980855,0.1266449086721848,0.4922483326089437,0.21173807849109672,0.29601358889995966,0.6046134665768272,0.2655252955214697,0.129861237901703,0.41789065717133334,0.24209246810867063,0.34001687471999603,0.6988499144255675,0.014967593839871502,0.28618249173456095,0.07828781930800938,0.09746555157400107
59,0.0001594933353255713,0.30451649128662817,0.6953240153780462,0.5222177603907298,0.376515226779635,0.10126701282963523,0.399300741112914,0.22757520785260718,0.3731240510344788,0.4542670850132948,0.4049202887436055,0.1408126262430996,0.3918092405586343,0.3799277080959668,0.22826305134539884,0.7252968168745134,0.05859515187000923,0.21610803125547734,0.07799366549470875,0.0974431937919805
60,0.11878756033111335,0.37042677640640315,0.5107856632624835,0.5689583990088025,0.3101341003841652,0.12090750060703219,0.5208190927994798,0.2626110181308824,0.21656988906963767,0.5163092717465196,0.3213402695463603,0.16235045870712014,0.42293522907331876,0.25703938633977647,0.32002538458690477,0.5724696178332427,0.23988979070295305,0.1876405914638043,0.07840704101689816,0.09788558635583954
61,0.059451073686930964,0.40248434713971326,0.5380645791733558,0.5759147507105787,0.31322821336998913,0.11085703591943223,0.5051552961042208,0.27441835473764026,0.22042634915813902,0.49290673544638425,0.3121072371953828,0.19498602735823292,0.4250720754484631,0.2448685446179247,0.3300593799336123,0.5042530653838244,0.22990361929961467,0.265843315316561,0.07842894501733426,0.0978823156637588
62,0.11210969303286085,0.34384381072570896,0.5440464962414302,0.5570022704370228,0.30761915552266406,0.13537857404031312,0.4066614194448866,0.3591299693036408,0.23420861125147258,0.5818420734684054,0.27440301195892103,0.14375491457267361,0.4304105042632807,0.24674302258566402,0.3228464731510553,0.5733197938085125,0.24429270304919312,0.18238750314229443,0.07824071918290271,0.09778191225946695
63,0.08038791165283794,0.4070674383717019,0.5125446499754601,0.6124940648272088,0.28170215409811983,0.10580378107467131,0.27804922530802967,0.23376019050001232,0.48819058419195804,0.41048066987695925,0.47221488218784746,0.1173044479351932,0.33559740230733376,0.34789849802200046,0.31650409967066595,0.6178658970104076,0.15131434391262982,0.23081975907696273,0.0780254821381405,0.09746379430390989
64,0.07160140739154416,0.473166015088225,0.4552325775202309,0.5751253708635392,0.3225707492026762,0.10230387993378483,0.5294237341949797,0.2858951834284876,0.1846810823765328,0.49892032273527365,0.3069051177519475,0.19417455951277895,0.4238106018100594,0.31045474237882925,0.26573465581111116,0.5976581237118138,0.095476529128537,0.3068653471596493,0.07831254526684679,0.09771826220857227
65,0.10579986395548482,0.3662093207787899,0.5279908152657252,0.5407541833644013,0.3539759587477939,0.1052698578878049,0.322288905836611,0.3435561831581448,0.33415491100524425,0.39647309248635026,0.4330027104379861,0.17052419707566355,0.42631935816592437,0.2935236755208604,0.2801569663132153,0.6292367595452051,0.20608672505759687,0.16467651539719796,0.07800156434393898,0.09755882163384916
66,0.07844148270400904,0.3732627231203566,0.5482957941756345,0.5943066706761329,0.2717432552437702,0.133950074080097,0.3951310412655048,0.23129174886728862,0.3735772098672066,0.5672819635489568,0.2855465904253582,0.14717144602568516,0.33779084847132257,0.21233627962808924,0.44987287190058817,0.4891468812489333,0.18780649575636582,0.3230466229947009,0.0781188431323887,0.09758259985591888
67,0.017505648858916676,0.47241109323426733,0.5100832579068161,0.6577036507966246,0.26507236060083866,0.07722398860253674,0.24349630792681096,0.5442455749903841,0.2122581170828051,0.4580104648333078,0.3208388045806869,0.2211507305860052,0.38722449673341774,0.27718969739573807,0.33558580587084424,0.5575007772079089,0.2241781288471009,0.21832109394499016,0.07807104072827366,0.09755006160371511
68,0.055209404856499195,0.2923280185973744,0.6524625765461264,0.424566545590232,0.5070522305134407,0.0683812238963274,0.43647893060077875,0.22509076461372468,0.33843030478549657,0.4754652713030031,0.39691625754579823,0.1276184711511987,0.4420607192108289,0.2547105593177702,0.30322872147140095,0.614618701290052,0.155398000422358,0.22998329828758995,0.07825872642107393,0.09750488615213934
69,0.06698471724766902,0.2948696572493367,0.6381456255029943,0.583727388387972,0.2935571635282684,0.12271544808375952,0.43441387154586186,0.24774204951081488,0.3178440789433231,0.5976105275814882,0.2685445462258168,0.13384492619269495,0.3215903654640074,0.36452894256684415,0.3138806919691486,0.567765997067259,0.12662988177881834,0.30560412115392266,0.07831737972317179,0.09756692164804029
70,0.10785709500295629,0.4234179424642367,0.4687249625328071,0.5963128319944818,0.31577058126659774,0.08791658673892036,0.3385248161347959,0.3163861269064083,0.3450890569587958,0.4745491346350907,0.31193988200449757,0.21351098336041172,0.48782996582331933,0.21078896044281203,0.3013810737338687,0.6906383878374894,0.06969228985776893,0.23966932230474164,0.07803952726181825,0.09764631212626304
71,0.05262635444657219,0.3046730286395959,0.642700616913832,0.6687568693986005,0.2633372021275969,0.06790592847380263,0.3729940716130484,0.23193546791431968,0.39507046047263195,0.574785320971788,0.25644938659739946,0.16876529243081248,0.39748703630818427,0.25418332660074855,0.3483296370910671,0.47362982180018975,0.24119558625794832,0.2851745919418619,0.07834652313916171,0.0977136425578844
72,0.03881644593675076,0.2819632823889211,0.6792202716743281,0.6951626197252483,0.2061551388881668,0.0986822413865848,0.4195397061266113,0.3116570784916695,0.2688032153817193,0.5496641437663728,0.2903144719339806,0.16002138429964657,0.3750602989267512,0.3257898971221509,0.29914980395109797,0.46378558272122355,0.23128672594418553,0.3049276913345909,0.07832588680574636,0.09764020006342637
73,0.019617572032080883,0.3691545833294452,0.611227844638474,0.7571518037156162,0.15289605733563794,0.0899521389487457,0.41760922367845127,0.2837963963373146,0.29859437998423405,0.4392334002764032,0.33313500617035424,0.22763159355324253,0.33702514309491993,0.2745679443968133,0.38840691250826687,0.49527438032161175,0.2430499736568873,0.261675646021501,0.078206177391312,0.09764835498983512
74,0.0002460003542346322,0.23999966435192063,0.7597543352938447,0.6526206597770982,0.2699300345540865,0.07744930566881528,0.316356294604603,0.19935213585832254,0.48429156953707453,0.6576002311468312,0.23963763123662973,0.10276213761653899,0.39035226387374344,0.3167874454326925,0.29286029069356395,0.580067282307605,0.2667420078926767,0.15319070979971833,0.07823579853033209,0.09790127832235976
75,0.057298186765471125,0.2427406043686932,0.6999612088658357,0.6446609353743044,0.28129036929290524,0.07404869533279043,0.3421019886910068,0.20946834586974156,0.4484296654392517,0.46553904902287796,0.3635341346497431,0.17092681632737897,0.48668707320331467,0.3108483501801871,0.2024645766164983,0.6125390099409226,0.14653563577819131,0.24092535428088604,0.07808086217219971,0.09786832340897075
76,0.1300270810754424,0.3109631832030833,0.5590097357214743,0.6194901316518174,0.3414948754542114,0.03901499289397125,0.5566402241249732,0.28281636694687257,0.16054340892815427,0.47307083118815024,0.35356340067527203,0.17336576813657786,0.4025360893338463,0.2786556010945611,0.31880830957159256,0.5107388149911839,0.3155145951945039,0.1737465898143122,0.07828406542655408,0.09788857398203603
77,0.05817057598305162,0.30226115914549384,0.6395682648714546,0.7779157060900638,0.17641519702775463,0.04566909688218164,0.40705355991745784,0.3069326445382572,0.28601379554428497,0.45186111223178005,0.2773348039475832,0.27080408382063687,0.47505528809942843,0.2454476096041559,0.2794971022964156,0.4997675068592857,0.22167606115931363,0.2785564319814007,0.07818238293227833,0.0978203078969498
78,0.08980835547719164,0.3051338504456925,0.6050577940771158,0.6144993043170572,0.3225332962212695,0.06296739946167319,0.39360756086782955,0.3072525936640193,0.29913984546815114,0.6288549843872483,0.2252082216014244,0.14593679401132725,0.31262471131167974,0.37497816394459316,0.31239712474372705,0.30966388229669956,0.4012465354695946,0.2890895822337058,0.07818580175366717,0.09746381868285839
79,0.028626564261078832,0.26446434595150875,0.7069090897874125,0.677275658127906,0.15759823022090227,0.16512611165119176,0.3497283565438476,0.2753679454111956,0.3749036980449569,0.5084353067273574,0.28728458224768116,0.20428011102496133,0.3624283341733372,0.2903295937662849,0.3472420720603779,0.4834940242962327,0.13582782546083222,0.38067815024293505,0.07805463514296267,0.09741062532086601
80,0.06076926237230021,0.33366971295577186,0.6055610246719278,0.7134918005347107,0.20659926552680974,0.07990893393847959,0.21542857311934,0.14683049855293578,0.6377409283277242,0.7153702624239994,0.1583992521042759,0.1262304854717247,0.3862860113217533,0.2030066631189694,0.41070732555927736,0.4533421228405558,0.2636051898414693,0.283052687317975,0.07794305592066329,0.09709602551514059
81,0.027371472788785205,0.2163620899087582,0.7562664373024566,0.6725691099756904,0.2888399203491278,0.03859096967518184,0.47079971389192216,0.20340752563423573,0.3257927604738421,0.5489708263859892,0.25165980208956595,0.1993693715244449,0.3564378255693327,0.2504739212544633,0.39308825317620394,0.423027246297992,0.29247329450041676,0.2844994592015914,0.07844536372743695,0.09761800893937385
82,0.019552387358941565,0.28786272815800296,0.6925848844830554,0.6848157517462679,0.27601827362821596,0.039165974625516145,0.5057202318208867,0.2210334424816626,0.2732463256974507,0.49953006306857856,0.28146588161229547,0.21900405531912592,0.3478301998244097,0.25949378273846074,0.39267601743712954,0.46729356925721927,0.24902253557599505,0.2836838951667857,0.078399992514414,0.09769964022054707
83,0.012471223007627276,0.36138054993674795,0.6261482270556249,0.6579441669750469,0.28222469754638957,0.059831135478563474,0.5400833397584498,0.17651545521574766,0.2834012050258025,0.4409921629073083,0.31321104969899266,0.24579678739369898,0.3229403003409688,0.31895986019984995,0.35809983945918117,0.43384915427302956,0.27453845698629126,0.2916123887406791,0.07836015249766291,0.0977323272966782
84,0.014386741438351083,0.24451188494553144,0.7411013736161175,0.6284781662669737,0.3316134630333018,0.03990837069972453,0.44181849553088026,0.2257975295778433,0.3323839748912764,0.4784128336462235,0.3480417891873342,0.17354537716644242,0.3484468987754757,0.3035221790530078,0.3480309221715165,0.5332664593437899,0.2564918467785226,0.21024169387768732,0.07840547864325559,0.09778196047654723
85,0.048429438112754054,0.2670112442811279,0.6845593176061181,0.5711172052882819,0.3447903087708888,0.08409248594082937,0.4085170140796817,0.2550759924014148,0.33640699351890346,0.562248855074202,0.2833724268619436,0.1543787180638545,0.3344961107187583,0.394364638734144,0.27113925054709764,0.6307374454070893,0.19618199786825313,0.17308055672465747,0.07828363492397236,0.09776023006428172
86,0.03797921450936689,0.2651510682661971,0.6968697172244359,0.5384649895496814,0.39441363092703907,0.06712137952327964,0.383246118422028,0.4136314267504393,0.20312245482753266,0.48706342782209416,0.34627008181279256,0.16666649036511338,0.31156540919732334,0.35951344280428943,0.32892114799838723,0.48835048166560713,0.3482311067261069,0.16341841160828585,0.07816469513482163,0.09747473631906703
87,0.09743351125199219,0.20035693893149986,0.7022095498165081,0.5834508201963613,0.33917508393582096,0.07737409586781771,0.41292634501305403,0.1723256956416149,0.41474795934533115,0.5631786601173744,0.24511108588055947,0.19171025400206615,0.3300339001022342,0.23812918259149451,0.4318369173062712,0.5347176645805302,0.2863956290789144,0.17888670634055548,0.07829841617579131,0.0976884169733064
88,0.012544887655767459,0.3737839058091957,0.6136712065350369,0.624659475657423,0.32152492368794433,0.05381560065463262,0.4058578237870027,0.2227809891153364,0.37136118709766086,0.5040340277468757,0.30290805341336596,0.1930579188397582,0.4250715380605438,0.2788076088259149,0.29612085311354125,0.489553592886064,0.29298931614983925,0.21745709096409677,0.07843246910547542,0.09799882303771382
89,0.04859899645206744,0.43183034141274296,0.5195706621351898,0.7392169012567856,0.22254462884210807,0.03823846990110629,0.2561492965537769,0.34695484363273904,0.3968958598134841,0.7062267577764529,0.18383682850958977,0.10993641371395724,0.4074563287262904,0.267824456541009,0.32471921473270055,0.32484027889841827,0.30453780554258986,0.37062191555899177,0.0783623653057603,0.09729020160639289
90,0.037108723953098215,0.4294003438582889,0.5334909321886129,0.48753675836796173,0.41978133477490637,0.09268190685713186,0.3129395205983151,0.2729580265407685,0.4141024528609163,0.48627445615553505,0.2946421734230345,0.2190833704214304,0.44860531495478,0.2463259983956203,0.30506868664959974,0.37111132421528503,0.4172014326044376,0.21168724318027735,0.07844056960105261,0.09772724995041279
91,0.03528952428591693,0.44158248004014183,0.5231279956739412,0.5244640956263353,0.37117619467675933,0.10435970969690539,0.323808783742668,0.25126130800254765,0.4249299082547843,0.5000226829445955,0.31114543619898827,0.18883188085641622,0.4161634885701619,0.24021403304816152,0.34362247838167653,0.3783430545235209,0.3954155552892838,0.2262413901871953,0.0784332995214361,0.09772365218052406
92,0.036306338935929904,0.4239021209898645,0.5397915400742055,0.4677638907228557,0.4367846630915211,0.0954514461856232,0.3146509890861874,0.21623173657738715,0.4691172743364254,0.4707366022850341,0.3249729263941555,0.20429047132081032,0.5083938276579041,0.22156593508867187,0.2700402372534241,0.3613950692729272,0.4085626197982414,0.23004231092883143,0.07831046555082427,0.0979634452066653
93,0.010167502504482536,0.36688433365437884,0.6229481638411386,0.5801660050765525,0.35112411062049703,0.06870988430295041,0.33621682597537106,0.24599660681200483,0.417786567212624,0.54927192561145,0.304795804446334,0.14593226994221598,0.4463380365236506,0.23421787505928363,0.3194440884170657,0.37350750019323237,0.38679425215726493,0.23969824764950265,0.07845573445984992,0.0977472770840548
94,0.0096375989367208,0.3695864132833856,0.6207759877798936,0.5072915224477381,0.42160856909097155,0.07109990846129029,0.328180242645745,0.24323926837289622,0.4285804889813587,0.5490454475357518,0.3046514860703529,0.14630306639389531,0.43762824263150135,0.2582165865423413,0.30415517082615745,0.3053425447639638,0.4345905104286786,0.26006694480735765,0.07841215094051614,0.09751827316277685
95,0.002998081412603237,0.449078262173613,0.5479236564137837,0.5815503434331551,0.35646885936967676,0.061980797197168105,0.44110020187648225,0.23770352901572503,0.3211962691077927,0.5082766722274069,0.2731368358812776,0.2185864918913154,0.47509200210935004,0.2452423096664054,0.2796656882242445,0.3911257071338402,0.4930246039282012,0.11584968893795868,0.07835390704287691,0.09779743236929513
96,0.026238504434622036,0.40917167748253847,0.5645898180828395,0.5314637075781516,0.3755320417493552,0.09300425067249307,0.19661012418401094,0.21574497338272625,0.587644902433263,0.4597371125772779,0.34022039730789977,0.20004249011482236,0.47997023250561505,0.22917865231262777,0.29085111518175727,0.32389212034226117,0.3928636788959198,0.2832442007618191,0.0780828187983868,0.09736017033347806
97,0.0355477176270779,0.3720231807676647,0.5924291016052573,0.5551005924982612,0.36828611491263946,0.07661329258909938,0.3606923978681741,0.22814260324559177,0.41116499888623415,0.554577019086125,0.2920352299298175,0.15338775098405755,0.4523015111043109,0.26568229580383534,0.28201619309185366,0.3950275280450723,0.4701722404450062,0.1348002315099215,0.07831741943212146,0.09772525651749665
98,0.04866235195751252,0.41148292104112133,0.539854727001366,0.5842230050579026,0.35718328307768166,0.05859371186441574,0.45117652587519425,0.19780344532239916,0.3510200288024066,0.5521675956413729,0.2793900126804959,0.16844239167813138,0.49141233560361086,0.21287386100509642,0.2957138033912927,0.31675413975569894,0.48746552983383423,0.19578033041046677,0.07840600722281446,0.09781134122857664
99,0.010039172171725244,0.3713456123289319,0.618615215499343,0.4943022133017998,0.3690047061645964,0.13669308053360382,0.35910569334070847,0.24811628905595343,0.392778017603338,0.4604789750630425,0.3328456852225687,0.20667533971438878,0.3752141923586728,0.29116229108271297,0.3336235165586142,0.33159713172981026,0.3921788994756649,0.2762239687945249,0.07833326795466154,0.09758035947658625
100,0.0001724074421086278,0.3306378999247361,0.6691896926331552,0.5296114896402073,0.3617218668086146,0.10866664355117814,0.22518343044436787,0.3314946800809691,0.443321889474663,0.5694526817577047,0.31622632323398264,0.11432099500831262,0.5166805148001882,0.23323892772505217,0.25008055747475955,0.3601543529702896,0.42820215258798505,0.21164349444172556,0.07830272331031311,0.09787575978419381
101,0.06643334897149293,0.2847608314528345,0.6488058195756726,0.6757178831804754,0.24898504622199788,0.07529707059752666,0.3768195485988733,0.22334542240510796,0.39983502899601875,0.5035973345564639,0.28780395936594655,0.20859870607758937,0.3863937519631127,0.3057595469999951,0.3078467010368921,0.41238110120826366,0.3040452627607353,0.28357363603100105,0.0783235792790861,0.09780515930677033
102,0.023391265419363302,0.4060087599450635,0.5705999746355731,0.6498960280480793,0.30252014042443254,0.04758383152748808,0.38411840152300275,0.22023861952720566,0.39564297894979167,0.5775557108152557,0.207847833514138,0.21459645567060628,0.4180091793125502,0.23810770278317434,0.3438831179042755,0.4362061070514074,0.32410511746324544,0.23968877548534726,0.07851010237778978,0.09783448077493351
103,0.02471413540267693,0.48592564175984115,0.48936022283748193,0.646682799314367,0.3088978847963501,0.044419315889282794,0.4353998288280943,0.19616663360759468,0.3684335375643111,0.6281366543031309,0.20693396735728703,0.16492937833958196,0.392587761074018,0.3027979072931518,0.30461433163283014,0.3967544889259251,0.366722230456595,0.23652328061747996,0.07849920662663172,0.09788091390183623
104,0.021762014701932147,0.49606686804629374,0.4821711172517741,0.6431549495937549,0.3125799052629835,0.044265145143261596,0.3446313102856638,0.2052882658157548,0.45008042389858144,0.6582875990908816,0.1962846827497196,0.1454277181593987,0.39396872765480956,0.3069270222130356,0.29910425013215486,0.4078479853935735,0.3808090738709161,0.21134294073551047,0.07842636095693147,0.09787621170054721
105,0.025236146866756983,0.4639881883897799,0.510775664743463,0.6250559982027376,0.31608662327260967,0.0588573785246527,0.4592355102773317,0.1775566814923913,0.36320780823027704,0.7001327772753742,0.16619284121506228,0.1336743815095635,0.3336662048497896,0.27913458794040896,0.38719920720980155,0.3759909772573596,0.3547773851705426,0.26923163757209784,0.07848894332049546,0.0975604324991111
106,0.02762934168069377,0.44741847652528366,0.5249521817940226,0.7529441537232292,0.22159172881856493,0.025464117458205884,0.4045884962466118,0.22402668595246394,0.37138481780092436,0.6244147371679342,0.20718178718147795,0.168403475650588,0.33417418506472735,0.2786816020682999,0.38714421286697276,0.36312357738830786,0.33035356911548963,0.30652285349620245,0.07830774027843594,0.09747933726586144
107,0.054719236317032294,0.47350955340605966,0.47177121027690805,0.6479281951592523,0.2954624620024837,0.056609342838264076,0.3415601718866422,0.13370824279757362,0.5247315853157841,0.7292502356899603,0.13624498508827407,0.13450477922176568,0.32569745614385676,0.23258921152345965,0.4417133323326836,0.27630507926869813,0.459146529599558,0.26454839113174394,0.07794209480388194,0.0973357377574821
108,0.030238373286706775,0.4395749244007763,0.5301867023125171,0.6200184339839157,0.33553288977091933,0.04444867624516505,0.4431385012338803,0.18611818642316436,0.3707433123429554,0.7177662747281024,0.1683116413886281,0.11392208388326944,0.3194697633225651,0.26299567972734794,0.41753455695008695,0.365320696965212,0.3832143544147822,0.25146494862000596,0.07847867132191305,0.09752118223654904
109,0.022628417696598832,0.43915138709224544,0.5382201952111556,0.7175368216176744,0.25219420643474855,0.03026897194757712,0.37275792563612237,0.21185195246714042,0.41539012189673724,0.681635080511029,0.16986717096841383,0.14849774852055717,0.3153794510312339,0.2944532223033952,0.39016732666537096,0.30621380297071493,0.37921471222915837,0.31457148480012664,0.07821556201378986,0.09721512574089297
110,0.031156290342164987,0.4346897177854403,0.5341539918723947,0.6157548021778267,0.3522828958794125,0.03196230194276073,0.45821361623330714,0.2153667604197695,0.32641962334692326,0.7038827502705036,0.15817875584160723,0.13793849388788926,0.33997827798619124,0.23254812495990057,0.4274735970539082,0.30069300958296863,0.37296327543376556,0.3263437149832658,0.07836550508740418,0.09729012842132774
111,0.050106003798845056,0.44131681617846313,0.5085771800226918,0.6378519779549416,0.2966830444622375,0.06546497758282084,0.43787384107857885,0.19351059809910673,0.3686155608223144,0.6333401953206222,0.21986187675874236,0.14679792792063556,0.33129416595472716,0.28887895717968365,0.379826876865589,0.3833722942058991,0.37922507675317857,0.23740262904092224,0.07840883602674563,0.09779512851759523
112,0.030308455306316224,0.4719361349939114,0.49775540969977233,0.6239606717182462,0.31968902630350676,0.056350301978247086,0.45403242706503427,0.16077697498395493,0.38519059795101074,0.5447042633453366,0.2516206438257429,0.20367509282892055,0.3428762196589182,0.2309771089445059,0.426146671396576,0.4362127086279592,0.3793752242553973,0.18441206711664346,0.07829931955819079,0.09778795879168124
113,0.01050320907498981,0.45365605317173674,0.5358407377532736,0.6100074661978548,0.33370452929566097,0.05628800450648412,0.3887235491674985,0.22705814045336,0.38421831037914145,0.7359000947354465,0.1567131954701045,0.10738670979444899,0.3712850113202687,0.26256286110275406,0.3661521275769772,0.33302441114460396,0.32203054352984567,0.34494504532555037,0.07840169462914154,0.09730151500317179
114,0.057258817005526166,0.47223026121378914,0.4705109217806847,0.6186733269487641,0.33487545436564203,0.046451218685593994,0.5182326212503979,0.17003156447957785,0.3117358142700242,0.6125186064676986,0.21010172472680172,0.17737966880549969,0.425008227885016,0.29036581351353385,0.28462595860145024,0.36860669994670825,0.3458902788060352,0.28550302124725657,0.07850826005430239,0.09779692696580203
115,0.05138458666807334,0.4724911846108335,0.47612422872109317,0.5643251500419478,0.4087109625149869,0.026963887443065368,0.5362123296583787,0.1647676881616668,0.29901998217995446,0.5923951315286361,0.235413533741768,0.172191334729596,0.34855947257845055,0.3378169053945756,0.3136236220269739,0.367317240323478,0.3469443290901632,0.2857384305863587,0.0786543821639811,0.09761902418549494
116,0.0554584382192289,0.4803033022430803,0.46423825953769077,0.7147392359824756,0.261634962391437,0.023625801626087392,0.5588319396367036,0.15390118128413785,0.2872668790791586,0.5892786414823142,0.23582303311590858,0.17489832540177716,0.2617936911840455,0.2977817759205151,0.44042453289543937,0.28959045482759205,0.3921518026447791,0.3182577425276289,0.07819946455966105,0.0971701088041483
117,0.07519537497649159,0.44199066035193607,0.4828139646715723,0.6477050764655788,0.30537256057563794,0.04692236295878319,0.5403238433088839,0.18392729246116624,0.27574886422994976,0.645292783130208,0.17585607278614224,0.17885114408364985,0.3040372632781757,0.3600382191909456,0.3359245175308788,0.41169434185956827,0.2516576973338138,0.336647960806618,0.07845020778575358,0.0974401187737051
118,0.06700525429651788,0.4462469448330137,0.4867478008704685,0.6701354243587874,0.30140809616816455,0.02845647947304812,0.5404428964625354,0.19042909038130423,0.2691280131561603,0.6475959760882867,0.1841176896037368,0.16828633430797652,0.2778259188321601,0.39568948836095247,0.3264845928068875,0.39768976575103576,0.262826321657213,0.3394839125917512,0.07833509747516357,0.0974050588960308
119,0.0765805032964839,0.416345870948666,0.50707362575485,0.6718261297845017,0.2907601996121328,0.03741367060336531,0.6070841090484621,0.1440136551467486,0.2489022358047893,0.6281194491622403,0.17731229036436177,0.1945682604733978,0.3190679485363491,0.3740155703938779,0.3069164810697729,0.49502787809206206,0.2569153408380397,0.24805678106989829,0.07853115392700555,0.097675454085438
120,0.043498278812811694,0.46352912812022273,0.4929725930669655,0.6566070680743734,0.309643217747988,0.03374971417763863,0.6146870571829328,0.1546726184798208,0.2306403243372465,0.7984140934430987,0.10292428095128331,0.09866162560561793,0.3698139842937487,0.35432145285342614,0.2758645628528252,0.48069552978696906,0.2766997071718921,0.24260476304113893,0.07865738833677276,0.09767675376603284
121,0.04317388692311177,0.45514991355128354,0.5016761995256046,0.6610403651028929,0.3037769338950867,0.03518270100202044,0.5972486273681555,0.15859575484709518,0.24415561778474934,0.7860062849945243,0.10907755740468089,0.10491615760079474,0.3704647411590869,0.35031594279541267,0.2792193160455004,0.47726415803288047,0.298191439958969,0.22454440200815037,0.07869888314291766,0.09766239930244057
122,0.04238421993085003,0.4494584996742284,0.5081572803949216,0.6924701576603491,0.2874601793460397,0.02006966299361118,0.6119232084769946,0.15456411392605685,0.23351267759694863,0.7125664510181915,0.15175680392474844,0.1356767450570599,0.3611698523678065,0.3567388429816392,0.28209130465055426,0.47727261203683313,0.2803571913169056,0.2423701966462612,0.07869663515012586,0.09769067324320381
123,0.047021350735509296,0.45036050391355065,0.50261814535094,0.6857557047504099,0.2935623498940539,0.02068194535553616,0.6103100757834709,0.15802788826206818,0.23166203595446094,0.7223314974509832,0.14172229206439846,0.13594621048461833,0.3560951603541299,0.3663439399894882,0.27756089965638187,0.47951393683707977,0.2727772352796773,0.24770882788324292,0.07862586153833154,0.09768467193960707
124,0.045246915734433436,0.4785278190562051,0.4762252652093614,0.6901581923170047,0.27226245042630787,0.037579357256687346,0.6071166809121732,0.15358075354111375,0.239302565546713,0.7732143643255635,0.10854082547254443,0.11824481020189215,0.3297701499344175,0.40746283518456167,0.2627670148810209,0.4753877738613124,0.27938484708352707,0.24522737905516045,0.07852382127799647,0.09758067449225534
125,0.0459325838069188,0.4461722954497227,0.5078951207433586,0.6965701565087374,0.27083802265316137,0.032591820838101186,0.6167247407162096,0.15205456351436883,0.23122069576942153,0.7107520179954306,0.137961552889344,0.1512864291152253,0.31060011799215564,0.4255454469764752,0.26385443503136913,0.4795955080055354,0.2684618370309527,0.2519426549635118,0.07847052731431695,0.0975589020667297
126,0.06572173535320999,0.47467288282013204,0.4596053818266579,0.6861473317663118,0.2886146081147571,0.025238060118930955,0.6301710979195866,0.14076039785848937,0.22906850422192404,0.7948166106241275,0.10179408066525866,0.10338930871061383,0.370922603393794,0.35384290442549066,0.2752344921807153,0.49282559718005237,0.24856529647456135,0.2586091063453863,0.07871500119526567,0.09753891503353526
127,0.062139000036831336,0.41717710701014826,0.5206838929530204,0.6868003683174914,0.29057766694376996,0.02262196473873857,0.7492311822033547,0.0999063141341485,0.15086250366249684,0.8164524014494168,0.08968749659558582,0.0938601019549974,0.32303362772717087,0.3846997918071444,0.2922665804656847,0.45341047197719675,0.23442156257490152,0.3121679654479017,0.07821977173891466,0.09708441274152464
128,0.07427936305234493,0.4582740853084984,0.4674465516391567,0.6910194824273588,0.2852410721400614,0.02373944543257984,0.5919940591702492,0.16519704462641627,0.2428088962033345,0.6370753455504723,0.1841968329247274,0.17872782152480027,0.33814680416963505,0.3928960534132282,0.26895714241713675,0.5232288488594753,0.2146190043212915,0.2621521468192332,0.07856540260256872,0.0976594264580245
129,0.07613723445859363,0.463098337689398,0.4607644278520084,0.7306739144433282,0.26259494270257033,0.006731142854101594,0.6159815938239607,0.14234357894398458,0.24167482723205483,0.658199309289432,0.1662006658261717,0.17560002488439622,0.3490638439915384,0.4215970802660494,0.22933907574241222,0.4930450878454948,0.2280152948500606,0.27893961730444466,0.07840675036069755,0.09755767343759193
130,0.05225545388786723,0.43904044933139363,0.5087040967807391,0.6245710113456191,0.3464908877824828,0.028938100871898076,0.5860176794346059,0.17355211085427402,0.24043020971112,0.8077141856108965,0.0897591691467403,0.10252664524236316,0.39034231601621827,0.361998653939017,0.24765903004476483,0.5351340725339429,0.21198133398504715,0.2528845934810101,0.0786431260553769,0.09765680855615096
131,0.05109364952283543,0.4448557400753335,0.504050610401831,0.6691614297964432,0.30587836995020123,0.0249602002533556,0.5930595038243331,0.1636638672467018,0.24327662892896507,0.7770398206338214,0.10910608453793118,0.11385409482824754,0.36894940884048905,0.3489404051041728,0.28211018605533805,0.49662127514658705,0.20108809326374064,0.30229063158967234,0.07865325425824368,0.09757589369137366
132,0.050853323324923316,0.42880162055163157,0.5203450561234452,0.6350384991813115,0.3418922781184794,0.02306922270020918,0.5898905415737012,0.16758087926177265,0.24252857916452597,0.6284044044076293,0.17618452457609188,0.19541107101627897,0.3945746983436735,0.3660584847843199,0.23936681687200662,0.5099252223984511,0.21288789601457317,0.2771868815869758,0.07864147605053887,0.09780325150123755
133,0.06531360955118702,0.4195508247559356,0.5151355656928776,0.6654763558435633,0.3103589792926291,0.02416466486380742,0.63835931973706,0.14759335592596498,0.21404732433697513,0.6502934749258927,0.16703657713070896,0.1826699479433983,0.39537744822510273,0.3744801236768105,0.23014242809808663,0.49183902304602906,0.2111075249052815,0.2970534520486895,0.07860029991869223,0.09761512304537379
134,0.06809513148434071,0.42930833866998974,0.5025965298456695,0.6245707061408158,0.347068930285574,0.028360363573610103,0.747705162864492,0.10246849979758149,0.14982633733792658,0.6356065069521117,0.16229300888508433,0.20210048416280393,0.38772313239853456,0.3657601638803464,0.24651670372111895,0.5054536073606987,0.1936041199115296,0.3009422727277719,0.07836255601888377,0.09735999593448869
135,0.07657337912604813,0.4475805394743606,0.4758460813995913,0.6474796049066193,0.3279386879195547,0.02458170717382592,0.6544118075584092,0.13999649600880024,0.20559169643279046,0.8332069128518932,0.07238079814114493,0.09441228900696196,0.36537311773237185,0.38659148381097236,0.24803539845665584,0.4935570890417535,0.15451540361154997,0.35192750734669653,0.07841754670411413,0.09727045622413487
136,0.05282361766594795,0.41920694162175504,0.527969440712297,0.6606186980356319,0.33159544951309156,0.00778585245127661,0.5812012090700556,0.164358257825324,0.2544405331046204,0.6624235224541621,0.15548073896120185,0.18209573858463587,0.3284860664999819,0.41838676955565457,0.25312716394436346,0.49743326430840124,0.2257350612088188,0.27683167448277995,0.07840680348669099,0.09756411487792632
137,0.09140119400792249,0.4211577517160043,0.48744105427607315,0.6254591805037485,0.35363915032356696,0.020901669172684375,0.7953404694161293,0.0852048406899641,0.1194546898939065,0.8442752061658264,0.06972128533998821,0.08600350849418532,0.40421527431837573,0.3481005279674046,0.24768419771421962,0.49475078102493725,0.21726789745473415,0.2879813215203286,0.07823838683186359,0.09722145606379094
138,0.053221035868204127,0.4106047552046163,0.5361742089271795,0.6483663012534406,0.35064164439194334,0.0009920543546158994,0.6214287911262522,0.1580977152043029,0.220473493669445,0.5401417718465875,0.19987546668414896,0.25998276146926363,0.3602661712307451,0.43962548563528003,0.20010834313397483,0.48491717146384594,0.1919873481066228,0.3230954804295313,0.07849967435928598,0.09766461795194596
139,0.05382974087923792,0.4874647148034789,0.4587055443172833,0.6974828375731824,0.27139161634023773,0.031125546086579907,0.5076512087626204,0.20502297326337815,0.28732581797400153,0.681486948699462,0.1437043203333816,0.1748087309671564,0.3706172352387674,0.3418909944221427,0.2874917703390898,0.5574830795412858,0.16370535179365797,0.2788115686650562,0.0785081512809112,0.09769469080131106
140,0.060180990362630186,0.43972481520752527,0.5000941944298445,0.6651763574648217,0.2916996913834986,0.04312395115167959,0.6131728893854088,0.13935359943604048,0.24747351117855065,0.6232530069937953,0.16433686983184925,0.21241012317435554,0.285449918285515,0.45709503887336583,0.25745504284111914,0.4771864531917217,0.26057914987175373,0.26223439693652456,0.07845952893375559,0.09754355967659625
141,0.05934941251906063,0.4235884861696502,0.5170621013112893,0.6672377811055556,0.3217622006715689,0.01100001822287562,0.6093721425331812,0.14385842764602952,0.24676942982078945,0.5903498207960521,0.1837039062795279,0.22594627292442002,0.36910578550390943,0.3436328443755402,0.2872613701205504,0.5046772382313868,0.25787848511783623,0.23744427665077683,0.0786349898386348,0.0979332837507594
142,0.06154975142044339,0.4186070417608889,0.5198432068186676,0.666737081693996,0.32117295716106914,0.012089961144934819,0.6051718647545729,0.14699396694877542,0.24783416829665164,0.6272897302909023,0.1636479710152254,0.20906229869387227,0.3608023839523724,0.3575739992062303,0.2816236168413973,0.4718426912659597,0.2418045964295668,0.2863527123044737,0.07862712620670584,0.09767193005369713
143,0.06220426859398275,0.4160983043091078,0.5216974270969095,0.6273210476098867,0.3615747973911534,0.011104154998959928,0.611799620460348,0.1401624973440388,0.24803788219561307,0.6334383532697125,0.15798541624318682,0.20857623048710064,0.3622421709373849,0.34646484783772424,0.2912929812248909,0.5034234601778576,0.2210679400292675,0.275508599792875,0.0786203752313989,0.09758935532945293
144,0.059074884961603014,0.4259473725358907,0.5149777425025063,0.6327416928188281,0.3578097304553738,0.009448576725798187,0.5411263516517631,0.16824934392946048,0.2906243044187764,0.5334010856125855,0.18851765065341036,0.27808126373400416,0.3877840688663657,0.32367500657919734,0.28854092455443703,0.5061123085846121,0.20671135744654212,0.2871763339688458,0.07855664540355994,0.09783631669027767
145,0.07707006049423237,0.39211176822605553,0.530818171279712,0.6273194604424256,0.3576926167333469,0.01498792282422755,0.6024488342684882,0.14419559950837058,0.2533555662231412,0.6144317497912349,0.1651240407731628,0.22044420943560228,0.37979254202361773,0.33039817521748877,0.28980928275889345,0.5177951617094053,0.17816085170248816,0.3040439865881065,0.07854781087567748,0.09766523794616126
146,0.09293619882869578,0.42445623235548174,0.48260756881582245,0.6477156046243473,0.3288789777468753,0.023405417628777396,0.6046938904230981,0.142145640988622,0.25316046858827984,0.5909382173155131,0.1572289071894556,0.25183287549503125,0.3977771208273444,0.3179442322482342,0.28427864692442134,0.5864458293816172,0.15447810550146418,0.2590760651169186,0.07854096178668389,0.09783160531019813
147,0.1152928671150041,0.4023493210555878,0.4823578118294081,0.6454122623578851,0.33356438636369934,0.021023351278415467,0.58307262717385,0.1559629410384069,0.26096443178774303,0.6678430260131579,0.14379040441252028,0.18836656957432188,0.3428511922781156,0.3524160332630575,0.30473277445882696,0.4982924992393393,0.17325567003126038,0.3284518307294004,0.07847832249710655,0.09745340482074188
148,0.05078217597480109,0.41954235194723044,0.5296754720779686,0.6144781740927396,0.3851831288684697,0.0003386970387905589,0.5510460083078949,0.17807179054719702,0.2708822011449081,0.5459390496658025,0.19492070033920822,0.2591402499949892,0.3130975314611803,0.37576931429630694,0.3111331542425128,0.455345717627451,0.26826588335336016,0.27638839901918877,0.07853052542073288,0.09772134545421163
149,0.06055462094097849,0.4754921531353368,0.46395322592368476,0.6681911656327484,0.3179106052970832,0.013898229070168468,0.8086971788956312,0.0753995453679847,0.11590327573638397,0.616244442278045,0.18796331686145545,0.1957922408604995,0.3985910114779301,0.31815684885657197,0.28325213966549795,0.4851484659855516,0.20808067584603493,0.30677085816841343,0.07820752607549396,0.09737581503056157
150,0.07390114980148506,0.4029408993630662,0.5231579508354488,0.6543583012398165,0.3083397847208159,0.037301914039367653,0.5695463911136202,0.19065467947142603,0.23979892941495384,0.6654350741053334,0.15415987378040202,0.18040505211426452,0.3979193229053052,0.3123835056435396,0.2896971714511552,0.5246779475828238,0.1970241629058363,0.2782978895113398,0.0785591741013169,0.09768431003423969
151,0.04027792859785394,0.41477976124587423,0.5449423101562718,0.6470775320711671,0.31431286815993187,0.038609599768900896,0.5462716943710996,0.17724598720297585,0.27648231842592447,0.6747887428126559,0.13761715539770844,0.18759410178963581,0.40546131308475136,0.3103907144302188,0.2841479724850297,0.5226196729598405,0.2010707574664978,0.2763095695736616,0.07861629853115741,0.09769672533614641
152,0.040719616696963855,0.3546058062593803,0.6046745770436558,0.6169213821167318,0.3616093590531811,0.021469258830087115,0.6283775850856178,0.16088455023488485,0.21073786467949734,0.6571163777005365,0.1555686867609775,0.18731493553848588,0.3247211114181002,0.41141726476971546,0.26386162381218453,0.5181912102218794,0.19333007156247659,0.28847871821564397,0.07850052204383345,0.09741843987956783
153,0.0645041069550203,0.40701666386356666,0.528479229181413,0.646342769381668,0.32541007680387857,0.028247153814453408,0.5907003918016053,0.17052874145039595,0.23877086674799877,0.5980306306174833,0.1797900000178206,0.2221793693646961,0.39631926965282505,0.33263130329436075,0.2710494270528143,0.5261919982380533,0.18986652246581012,0.28394147929613645,0.07863059735819584,0.09784762247839043
154,0.036498481438310665,0.3686940101037171,0.5948075084579723,0.6624105782906113,0.3285226990885506,0.009066722620838063,0.5754999081705476,0.16649358941900905,0.25800650241044326,0.5615612992073853,0.17478840519127825,0.2636502956013365,0.4806324629496113,0.29242112290697764,0.22694641414341107,0.5379228994313239,0.12512636073182729,0.3369507398368488,0.07839471340353044,0.09786198121455775
155,0.06249690106452666,0.41249765991281623,0.5250054390226571,0.5602246582681902,0.40284947936664367,0.03692586236516611,0.555120032913036,0.1737331414398324,0.2711468256471317,0.6980371523630485,0.1303984713470651,0.1715643762898865,0.3776242074404065,0.3380421931632967,0.2843335993962968,0.5342434449720085,0.20067966946270147,0.26507688556529,0.0787097171850833,0.09768871063926
156,0.06321806110851932,0.40668285426126266,0.5300990846302179,0.577962495405915,0.3851425983433127,0.0368949062507722,0.566709304796049,0.16507423994947878,0.2682164552544723,0.7041592213769868,0.11490278375910483,0.1809379948639083,0.36585736490297244,0.34309773190293663,0.2910449031940909,0.6261930855186052,0.18290134919991666,0.19090556528147828,0.07861872144908506,0.09762914564613011
157,0.064157459769129,0.40991520007611426,0.5259273401547567,0.5762590673248742,0.40607800734974153,0.017662925325384226,0.5409578185599201,0.16823481100543664,0.29080737043464316,0.6121873836033465,0.15014872195172793,0.2376638944449256,0.363272994182947,0.34370239602891933,0.29302460978813366,0.5760434497327617,0.2449239687159962,0.17903258155124216,0.07860083195680052,0.09779801508861945
158,0.03798737046042936,0.4412397979786907,0.5207728315608801,0.5532922546439532,0.4037819184406687,0.04292582691537813,0.465143128745416,0.2265431793770671,0.30831369187751684,0.7720777003342882,0.08581053899238313,0.14211176067332862,0.3027517663894495,0.3380709868970683,0.35917724671348217,0.5528589002023139,0.2019202586215694,0.24522084117611673,0.07849929488098072,0.0974098852308817
159,0.06545007424064504,0.42726394193694933,0.5072859838224055,0.6056364047424223,0.38818708541949964,0.006176509838077881,0.3419246748317522,0.2477861029195918,0.410289222248656,0.5463348971421235,0.15246506237596333,0.30120004048191334,0.4118215761479423,0.3036156227026858,0.2845628011493719,0.6527124366193591,0.15367288845672047,0.19361467492392037,0.07829308859748407,0.09760388611156755
160,0.04320970771658645,0.43605125721870497,0.5207390350647085,0.6037649956724574,0.3532452911319599,0.042989713195582625,0.5188858764322997,0.16352183167612008,0.3175922918915803,0.7167706278361501,0.13887244423280343,0.1443569279310465,0.3810542383951741,0.27687169187124144,0.34207406973358456,0.5520483446237753,0.20419476798067066,0.24375688739555407,0.0785474253951572,0.09772531633851392
161,0.04600731277756697,0.4038019934630502,0.5501906937593829,0.596054720891875,0.36643664759276867,0.03750863151535649,0.555424705514262,0.18128843330907496,0.26328686117666295,0.7001702245681445,0.12946180302209537,0.1703679724097602,0.39357534391297316,0.3280019081504249,0.27842274793660193,0.5918024011198131,0.19168016640971097,0.2165174324704759,0.07859463786896859,0.09770452100519285
162,0.04769023144755766,0.41359735939998005,0.5387124091524622,0.6119244537202759,0.3621927344068488,0.025882811872875416,0.5618648833396902,0.157574677520163,0.2805604391401468,0.5911333905245075,0.17802704317332627,0.2308395663021663,0.41110437752396334,0.3073113647115222,0.28158425776451457,0.49497659988587567,0.21062511827926939,0.294398281834855,0.07862478680472144,0.09780831875681811
163,0.052697889174819365,0.42425515829267535,0.5230469525325051,0.6071401046084851,0.3705544659994204,0.02230542939209435,0.5506993150040134,0.16210287274243723,0.2871978122535495,0.5931407483542596,0.1761040943949547,0.2307551572507856,0.3888426802033563,0.31047509120333694,0.3006822285933068,0.44518783302960296,0.23903819597984535,0.31577397099055177,0.0786583719226701,0.09770317673728761
164,0.04621458473119209,0.4200476105495092,0.5337378047192989,0.5834349904807663,0.3901368442061289,0.026428165313104834,0.5541839682965028,0.1643224863969484,0.28149354530654874,0.574541150783696,0.17090021122671356,0.25455863798959033,0.38680257450114125,0.31089799328263895,0.3022994322162198,0.44611149493323443,0.24108092131863035,0.3128075837481352,0.07869833072807199,0.09782052495900057
165,0.041009123013733925,0.42129850039228195,0.5376923765939841,0.5822859672999734,0.3915623877493975,0.026151644950629053,0.5537016168199488,0.16690428089917944,0.2793941022808718,0.5637088805873726,0.16891803946424733,0.26737307994838017,0.38216756167785715,0.30874077026290203,0.3090916680592409,0.4406060839533637,0.24147803823366948,0.31791587781296676,0.07868844270491425,0.09776043082581495
166,0.04160066117401394,0.42819893916126994,0.5302003996647161,0.6034007521597906,0.3732321040880677,0.02336714375214162,0.5276732388355304,0.1660403500163747,0.3062864111480949,0.48456733376820194,0.17909763608939022,0.33633503014240784,0.3877227808113046,0.30718617841359985,0.30509104077509547,0.4015470708971868,0.24344948259907637,0.35500344650373683,0.0785226879829475,0.09760154431482422
167,0.04631904940186801,0.4170362787817954,0.5366446718163367,0.5606321037708061,0.4033722670668403,0.03599562916235358,0.5364498929161029,0.18499176055767244,0.27855834652622463,0.5226566073738985,0.1992344034770203,0.2781089891490812,0.37494771463489907,0.34215101567076217,0.2829012696943387,0.4261530256336583,0.2562822020208752,0.3175647723454665,0.07865898014427818,0.09781218433567396
168,0.05724526718315149,0.39189810130094505,0.5508566315159034,0.5560710644301303,0.3844992845321493,0.05942965103772036,0.44995401660070744,0.2173120989804175,0.3327338844188752,0.511141496714923,0.2065984912713519,0.28226001201372497,0.37969593776263727,0.32266198022669246,0.2976420820106703,0.4138936022543711,0.2417661617562608,0.344340235989368,0.07852491352553308,0.09775361360771406
169,0.03430757600726959,0.3897151489712167,0.5759772750215137,0.5703267060669382,0.4286905249058752,0.0009827690271865498,0.5110698213763846,0.18616644331203172,0.30276373531158374,0.5345078275824731,0.2016009929895958,0.2638911794279312,0.37145200894533276,0.3539091031805704,0.27463888787409685,0.39716597235151735,0.27139833063878177,0.3314356970097008,0.07862480651672366,0.09764418051291487
170,0.036833090811491026,0.40990209846229175,0.5532648107262172,0.5486551267619296,0.42770073337854086,0.023644139859529414,0.47286735940286595,0.21387548630681488,0.31325715429031914,0.3303243706898767,0.27850182496882236,0.39117380434130095,0.364524493479889,0.31340581603844314,0.3220696904816678,0.45759502812579167,0.23090310343608778,0.3115018684381206,0.07833414046621753,0.09739851938307971
171,0.05087579558294538,0.4464838394391138,0.5026403649779408,0.5846614353440951,0.3818702335678019,0.033468331088102904,0.3195155473999914,0.2721099541567476,0.4083744984432611,0.6200693658987502,0.178544904477266,0.20138572962398385,0.37073313276257586,0.3636030004679968,0.2656638667694274,0.42417084195438687,0.23504871137830688,0.3407804466673062,0.07848986381110716,0.09746901198587617
172,0.043813806463404964,0.43974638894997875,0.5164398045866163,0.6094294435904272,0.3576904592199577,0.03288009718961517,0.5498929518038705,0.16813590474311702,0.2819711434530125,0.540848132723322,0.17628193921281404,0.2828699280638641,0.38204460080852426,0.3318924270973234,0.2860629720941522,0.40531388044361866,0.22760594608538257,0.36708017347099886,0.07858324943290745,0.09765959283367222
173,0.05710232417848015,0.39700652539884246,0.5458911504226773,0.5292698542353043,0.4179363900476763,0.05279375571701929,0.6270228509686233,0.14030241639208718,0.23267473263928948,0.649209612433886,0.16674944602081,0.18404094154530412,0.39172326343003483,0.32713632534807646,0.2811404112218887,0.4271836213452961,0.24718779701090554,0.3256285816437984,0.0786047204718744,0.09747892706426312
174,0.03446553847850048,0.4791561232332835,0.4863783382882161,0.5508506985320551,0.4126949440763665,0.03645435739157834,0.3487398089181379,0.20973945292245988,0.4415207381594022,0.8054390095024406,0.07925942570689881,0.11530156479066059,0.31771499561666233,0.3654547991135598,0.3168302052697779,0.4142693619497416,0.26844102747477167,0.31728961057548666,0.07837298499718533,0.09728036820802814
175,0.07736624184300475,0.4621813164166699,0.46045244174032546,0.5696655588466027,0.40667500852857935,0.02365943262481788,0.26727127122117533,0.300089219275204,0.4326395095036207,0.2763255961010203,0.29454809071153154,0.4291263131874481,0.3603833990901268,0.34435203609612713,0.2952645648137461,0.46346384607979846,0.21818568675153255,0.318350467168669,0.07813440285988923,0.09727492513175545
176,0.07525270328902708,0.4452438274948228,0.47950346921615017,0.6133522043109958,0.34107910913349887,0.045568686555505514,0.6424984880756957,0.13572180714218476,0.22177970478211947,0.5338195960950989,0.2440562592568452,0.2221241446480559,0.4457363957397466,0.32281512568113,0.2314484785791234,0.4674307833512782,0.2006099395707794,0.3319592770779425,0.07858619077113202,0.09769357549781466
177,0.12989263964408695,0.37412543321384334,0.4959819271420697,0.5407341147340979,0.4481416085686185,0.011124276697283404,0.5415305696568966,0.1570110851446121,0.30145834519849124,0.5855334979068336,0.17948201804168548,0.23498448405148092,0.4353702677209255,0.3245754121262559,0.24005432015281847,0.44075480134267997,0.28093590527874074,0.27830929337857935,0.0786052369599975,0.09789246829756361
178,0.0498159110365761,0.3727960305682221,0.5773880583952018,0.5193291933299111,0.45234525966893824,0.02832554700115064,0.5701741397520289,0.18801232776666627,0.24181353248130477,0.6536750619886318,0.1877327922721028,0.15859214573926547,0.38348907426839657,0.41416038541189143,0.2023505403197121,0.37527667174802093,0.20534695633323463,0.41937637191874433,0.07834134908817503,0.09729608847076321
179,0.05835474399596862,0.4049135436869404,0.5367317123170909,0.6519176005604906,0.30616423678514426,0.041918162654364974,0.16086009683128616,0.29824771366737163,0.5408921895013422,0.24603266289862097,0.34994279403018097,0.4040245430711981,0.32037965230586585,0.43302062082652043,0.24659972686761367,0.41481217700162,0.27441241316283377,0.31077540983554613,0.07771686715838545,0.09710962742619557
180,0.19931009225213125,0.4234794406350649,0.37721046711280376,0.6226042402741785,0.36124098024480583,0.01615477948101564,0.6855076780970191,0.13889115687136397,0.17560116503161696,0.36124361214703604,0.25502744222583806,0.3837289456271259,0.37284883177092276,0.35201613657084013,0.2751350316582372,0.5434011773083243,0.19573702996729037,0.2608617927243854,0.07814927754217017,0.0974552520453986
181,0.03301310320978037,0.3934008296438237,0.5735860671463959,0.5658387767944337,0.42289364051798595,0.011267582687580298,0.5010471383362672,0.1950541690254815,0.3038986926382512,0.5293169871605612,0.2029987500459993,0.2676842627934396,0.3660343557609998,0.3563964444958819,0.2775691997431184,0.39151214188173583,0.2737237645255506,0.33476409359271364,0.0785817654393855,0.09761141745519773
182,0.03823564429555386,0.436314326331885,0.5254500293725612,0.6453835192642582,0.35002416503104583,0.004592315704696021,0.34520488779615754,0.24090844606704334,0.4138866661367991,0.541475137570693,0.18610843113796083,0.2724164312913462,0.37270504960141554,0.3528824696136832,0.2744124807849014,0.4136543686617528,0.2555026559813245,0.3308429753569227,0.07848025770741039,0.09757469559738469
183,0.030587851523508562,0.39905232815354974,0.5703598203229415,0.5869527725966548,0.4112366941684622,0.0018105332348831273,0.5530621546160923,0.1648379563299409,0.2820998890539669,0.6003822516615951,0.17538220759552467,0.2242355407428803,0.40600618290737417,0.288105133196477,0.30588868389614876,0.4659706085105627,0.3019983773753604,0.2320310141140769,0.07869558971788662,0.09777322512337848
184,0.041291348709843904,0.4462118169900291,0.5124968343001269,0.5531380405018328,0.41080079814356313,0.03606116135460396,0.6115038247162397,0.16412055395340386,0.22437562133035657,0.5757804140295859,0.14583699969300626,0.2783825862774078,0.4075314881916228,0.28519191603414346,0.30727659577423366,0.47866891687350044,0.3037061757005327,0.21762490742596685,0.07871517350207222,0.09784720185444123
185,0.026677972533541646,0.3870135452822467,0.5863084821842117,0.5635348097512394,0.4129653103047926,0.023499879943968082,0.6227561630260988,0.1436479071721136,0.23359592980178753,0.6427982728309862,0.15426286782399293,0.20293885934502073,0.41430658535884246,0.27222764579691217,0.31346576884424526,0.48774944027711015,0.2940787750985051,0.21817178462438475,0.07867100640055376,0.09759159474839293
186,0.025531708598929236,0.4202867921366878,0.554181499264383,0.5553555577093802,0.39775634094852597,0.046888101342094084,0.6188501830867441,0.15543939024934658,0.2257104266639094,0.5633017915408097,0.1441470960851917,0.29255111237399856,0.42372206176230603,0.24459536341684004,0.331682574820854,0.49625370182080797,0.2841081417792386,0.21963815639995363,0.07875221529685345,0.09785939072108893
187,0.02471341727626937,0.4118363275420041,0.5634502551817265,0.5587848726798221,0.38990164142330114,0.05131348589687666,0.6247550810214751,0.16022247620625887,0.21502244277226595,0.5935519641802706,0.1330908933050089,0.2733571425147205,0.42838718425619166,0.2386253264156599,0.33298748932814837,0.48745421976370135,0.292615859975156,0.2199299202611426,0.07877892485726294,0.09779557801893929
188,0.023832128736354753,0.4140997728681014,0.562068098395544,0.5944889825387475,0.35652185446763346,0.04898916299361904,0.23557889509326213,0.34263191478649696,0.4217891901202409,0.6115138770525408,0.1344044770842706,0.2540816458631886,0.42975755296271945,0.24496385659936765,0.32527859043791285,0.4895246706155507,0.28810125185474056,0.22237407752970878,0.07843220545094302,0.09777504918547228
189,0.026064423237123248,0.4217933313418179,0.5521422454210588,0.5518460352064409,0.388807114629862,0.05934685016369717,0.6032917416329302,0.13502705167687606,0.2616812066901938,0.6316846780552926,0.1007857475676232,0.2675295743770842,0.4160751847956219,0.2443237154171668,0.3396010997872112,0.4764847335978085,0.29819199227060933,0.22532327413158226,0.07866738737335607,0.0977377024928155
190,0.02191036692868368,0.450032792671339,0.5280568403999774,0.5786654938082268,0.3524064687115114,0.06892803748026181,0.6815246992953595,0.10816594631751401,0.2103093543871264,0.647684864280575,0.10012678133618126,0.25218835438324366,0.41484796476428387,0.2394215903191656,0.34573044491655053,0.49636616318898724,0.3130453594065107,0.19058847740450208,0.0786108584645402,0.09749965740863958
191,0.026102541606598487,0.4280391477942928,0.5458583105991087,0.5547135686294115,0.3949147843609808,0.050371647009607744,0.6114242049150911,0.1455056289101193,0.2430701661747896,0.8060663850722161,0.05067521039141843,0.1432584045363654,0.44777354498084654,0.23082462446434432,0.32140183055480914,0.47486559911832427,0.3044920753453835,0.22064232553629207,0.07876421802560253,0.09758442790463262
192,0.02485143275531996,0.39143281930885043,0.5837157479358295,0.5466333897455481,0.3903839021221383,0.06298270813231369,0.22389067036577634,0.3126831500504358,0.4634261795837879,0.7647462777996197,0.06541516999142316,0.16983855220895727,0.44972461874697267,0.2246360727864357,0.32563930846659156,0.4895572431504607,0.3003085488431724,0.21013420800636695,0.07850725212705226,0.09758268037954587
193,0.025839978957947932,0.43922992938229793,0.5349300916597541,0.5548843190808825,0.39146091484096834,0.05365476607814912,0.7797952965863115,0.07763856969466301,0.14256613371902538,0.6262826838943489,0.1156697982485981,0.25804751785705293,0.4523584754045582,0.21324310827104132,0.3343984163244005,0.4717588683729407,0.3059394682490529,0.22230166337800644,0.07836815602846392,0.09742120773436802
194,0.03382395829494463,0.4164252929004766,0.5497507488045789,0.5237712315185693,0.4227457939346914,0.05348297454673926,0.6100728303335855,0.14761728493929513,0.24230988472711945,0.5631750288232146,0.10512592100107908,0.3316990501757064,0.4140039697324882,0.25068663074345626,0.3353093995240554,0.5171126082643123,0.27543451079359854,0.20745288094208925,0.07863047479945712,0.0977725104296682
195,0.017930404290893542,0.4199965099785972,0.5620730857305092,0.5916244783882418,0.36737113862070775,0.04100438299105031,0.6738128814347519,0.14012596469793273,0.18606115386731525,0.6237250776614933,0.11466367693958777,0.2616112453989188,0.45529196039275194,0.19191299374138499,0.3527950458658631,0.45986690854149276,0.3377728827290663,0.2023602087294409,0.07851707143010243,0.09751879238767985
196,0.03246567610353151,0.39845717041078843,0.56907715348568,0.5527738406474278,0.4077854468197862,0.039440712532785846,0.48961729372702706,0.1558268612424059,0.35455584503056714,0.7339925606268775,0.08447109813990915,0.18153634123321336,0.4349390833888199,0.24556921916978278,0.31949169744139727,0.5243777350082804,0.3028244119698099,0.1727978530219097,0.07868749061500409,0.0977609583229874
197,0.03199465152627915,0.3971643021948535,0.5708410462788673,0.606787773009839,0.32881974506700457,0.06439248192315658,0.49309248736365324,0.1551615439816396,0.3517459686547072,0.13683123104034256,0.2626825555554073,0.6004862134042502,0.41544901039361776,0.2750338021321546,0.30951718747422774,0.4975776039103197,0.3326556400285732,0.16976675606110714,0.07810306928610923,0.09730105262623996
198,0.02653353052501119,0.44973157067137337,0.5237348988036155,0.5542266514473947,0.40279170430782324,0.042981644244782215,0.12097217784945516,0.27663731115511075,0.6023905109954341,0.5714553984986215,0.12242105445381368,0.3061235470475648,0.4413673211182794,0.21463271644277856,0.343999962438942,0.5115176123275537,0.3247159767212888,0.1637664109511575,0.0782497822902585,0.09747247565922505
199,0.01238192483651515,0.34307249145400254,0.6445455837094823,0.5415172464900608,0.38031728338503584,0.07816547012490326,0.4760165319189107,0.21316647332868008,0.31081699475240926,0.6523154380561325,0.11138133197181337,0.23630322997205416,0.4201343210119965,0.2449433521736933,0.3349223268143101,0.5043701907214319,0.3269637458389082,0.16866606343965992,0.07868916909979397,0.09777802109913604
200,0.012162271906850566,0.2950800829060953,0.6927576451870542,0.5521199838588988,0.3690981108833095,0.07878190525779155,0.4649479901708738,0.22160684980941217,0.31344516001971395,0.6131758152930551,0.1259600108826278,0.2608641738243172,0.41851907150816514,0.24470237241086562,0.3367785560809693,0.5121564594705077,0.3281889450819445,0.15965459544754781,0.07861260091950549,0.0979044048418737
201,0.02321315514711034,0.3742173696582601,0.6025694751946296,0.5687091103253918,0.3783649522176754,0.05292593745693285,0.5023133979855245,0.19339582695118052,0.3042907750632949,0.6367608325637143,0.10377480861173488,0.2594643588245509,0.4440786860030485,0.24537907607347137,0.31054223792348024,0.5568006504318452,0.25867731808643035,0.1845220314817245,0.07858248173323464,0.09785695053198891
202,0.03052965214754808,0.3848897364462349,0.584580611406217,0.332273848152546,0.5135640294325086,0.15416212241494548,0.5585650220822138,0.1441927724385694,0.29724220547921676,0.6714964416491227,0.09404144554907434,0.23446211280180285,0.44201203212908413,0.242501657655588,0.31548631021532786,0.4819072705819836,0.28395590774005375,0.23413682167796257,0.07872407864466874,0.09754833164957312
203,0.014421541484363922,0.362320360004113,0.6232580985115231,0.2381245004920427,0.5715284079330214,0.19034709157493593,0.5806014680190452,0.1629992812520681,0.2563992507288868,0.6158150992231471,0.11279661544464098,0.2713882853322118,0.4402486916993096,0.23968641549943692,0.32006489280125355,0.4677560430036263,0.3122763877106978,0.21996756928567585,0.0786498708383943,0.09768083379880425
204,0.0297867590656515,0.4144992684210605,0.555713972513288,0.3343388996994624,0.5076962141460843,0.15796488615445314,0.35025869254576675,0.20901877506719493,0.44072253238703846,0.6547406503076516,0.09206237298648193,0.25319697670586644,0.4653858256296704,0.19850020735997734,0.33611396701035234,0.5069586669420001,0.2637999707507919,0.22924136230720796,0.07849955913483152,0.0975147662898458
205,0.02050240676777198,0.34650968832808365,0.6329879049041442,0.3736759761611697,0.3599174899447123,0.266406533894118,0.4840065266141118,0.1727671972901369,0.3432262760957512,0.5788438070137462,0.117896985979167,0.3032592070070869,0.44986589920148035,0.18746406401692045,0.3626700367815991,0.505941189532366,0.30421025735429963,0.18984855311333423,0.07855106376373447,0.09792663449638843
206,0.03631919658728225,0.33940765550625523,0.6242731479064625,0.5805917318830217,0.32739656262523553,0.09201170549174281,0.48014481440283135,0.1789980122330114,0.3408571733641572,0.6222893578267377,0.11441666877065235,0.2632939734026101,0.43079944523889585,0.2269853237566134,0.34221523100449075,0.45170726353195617,0.34677138595570794,0.20152135051233594,0.07860700823299,0.0979098454261826
207,0.020335135144498268,0.2922459298712998,0.6874189349842018,0.5783982342024043,0.35977316624455724,0.06182859955303843,0.5677514385241978,0.14662000768307476,0.28562855379272734,0.6910895627718551,0.08360445671529187,0.22530598051285294,0.3860628145981535,0.2403868562318779,0.3735503291699685,0.5027596316806985,0.28745670075980734,0.20978366755949415,0.07872410175843415,0.0975740164357349
208,0.01541449060211683,0.432035247803928,0.5525502615939551,0.6243072530725865,0.3099557203830616,0.06573702654435198,0.4270849788416778,0.18613167210018933,0.38678334905813283,0.684804079282763,0.08703670036248631,0.22815922035475075,0.41141991131157135,0.2249588435668176,0.3636212451216111,0.5364161126436972,0.31290294966938415,0.15068093768691873,0.07861336235897726,0.09771439626570312
209,0.017028027875070493,0.29019340617815,0.6927785659467796,0.43409762362737714,0.2755675400112325,0.29033483636139046,0.4191037102939616,0.21482364954776703,0.3660726401582714,0.7760258534212726,0.049520452845539034,0.17445369373318823,0.4169116268474817,0.26407415159574404,0.3190142215567743,0.5101740677033012,0.30981756373043196,0.18000836856626687,0.07868169514933786,0.09794581294746475
210,0.0084719925571502,0.2772720035017187,0.714256003941131,0.42196282703899524,0.2626309002190314,0.31540627274197336,0.4612293323719293,0.19436911582655902,0.3444015518015118,0.3301477506864747,0.15965851452525845,0.5101937347882669,0.43425168114171736,0.23454772472969296,0.3312005941285897,0.4888912639550417,0.3151612428559488,0.1959474931890096,0.07824755479355877,0.09756274559181724
211,0.016050488413474326,0.25205334112287375,0.7318961704636519,0.4287722083150527,0.26700353358709616,0.3042242580978512,0.6325930794678631,0.13452626072382382,0.2328806598083131,0.722791040265257,0.05828833077533808,0.218920628959405,0.42340170153908063,0.2536080273854763,0.32299027107544304,0.5516376238075712,0.28372409244547664,0.16463828374695205,0.07877686455456327,0.09771508172572872
212,0.011292384590971458,0.2859451154453797,0.7027624999636488,0.4382966467612081,0.2594155593196939,0.30228779391909794,0.4936976582901971,0.18065523290524282,0.32564710880456016,0.6199337003542613,0.08082161012076516,0.2992446895249736,0.4320829317735884,0.23943173399349885,0.3284853342329127,0.5144575824274692,0.31732576711885124,0.16821665045367962,0.07858416280012431,0.09808732488379517
213,0.016620121720251957,0.26609055031591283,0.7172893279638352,0.4665702781652824,0.2687848441369128,0.26464487769780476,0.7513515210333038,0.08728487965836056,0.16136359930833563,0.63126503828726,0.06779357515640771,0.3009413865563323,0.4392403877744342,0.24503615838755197,0.3157234538380139,0.5547447985563968,0.28527014102680043,0.1599850604168028,0.07845522427516856,0.09765146995022803
214,0.019956474488057856,0.2341049245827089,0.7459386009292333,0.4509672674686097,0.2696423401112285,0.2793903924201617,0.5750115709058703,0.1491725548775011,0.2758158742166287,0.7815821260803715,0.05621922368256967,0.16219865023705884,0.4323887006471212,0.2552782156875916,0.3123330836652872,0.5167605355824068,0.31314282781726877,0.1700966366003246,0.07884465015628367,0.09780122311448002
215,0.014863732078738505,0.25456686969160613,0.7305693982296554,0.44913785339159024,0.2759979684669244,0.2748641781414854,0.396277408411644,0.2106296048900782,0.39309298669827786,0.6930585152801495,0.08095697821634089,0.22598450650350957,0.42949633955545513,0.2535387793085844,0.3169648811359605,0.515412023440611,0.31630316926645624,0.16828480729293274,0.07856710507552704,0.09797594723845364
216,0.02698274972163286,0.2789265408279222,0.694090709450445,0.3966559284596365,0.28567345979381586,0.31767061174654776,0.6416261293121749,0.14113638796378675,0.21723748272403848,0.7618977729926109,0.05505221849629367,0.1830500085110954,0.4373664330022514,0.21944395205428702,0.34318961494346156,0.5530214154667388,0.31080772359675307,0.13617086093650824,0.07862390996721502,0.09760480769250666
217,0.009915130578919728,0.28996555026234755,0.7001193191587328,0.45388536545867947,0.2478604237588357,0.29825421078248476,0.4981698269341041,0.12713371583684877,0.3746964572290471,0.5997011536964746,0.07861411975633176,0.32168472654719366,0.4515635278298054,0.1860603538931282,0.36237611827706645,0.5475794850803162,0.2751790333209498,0.17724148159873399,0.07850729617441103,0.09803505752343797
218,0.017345960548773208,0.23992430775552748,0.7427297316956994,0.48090775512674244,0.2024129866301754,0.31667925824308213,0.6699471325043849,0.1535678528480202,0.1764850146475949,0.6153684335346845,0.1110861197220639,0.2735454467432516,0.40783659915295145,0.2701086456590433,0.32205475518800536,0.5260188059804426,0.28654196352301564,0.18743923049654163,0.07847875220237198,0.09805464222885094
219,0.004060991396982784,0.23237755438563412,0.7635614542173832,0.4533228456543877,0.26192730104676754,0.28474985329884467,0.440790741952339,0.17626134006787117,0.38294791797978994,0.6644927065632574,0.08384807418735755,0.251659219249385,0.4720459439653508,0.2094249984563293,0.3185290575783199,0.4459404572596542,0.35897698181949544,0.19508256092085036,0.07852770653946124,0.09802129511326153
220,0.010075935142264764,0.2474977810255921,0.7424262838321432,0.431910442535015,0.29686617564985524,0.2712233818151299,0.5022686607985639,0.19138075764063353,0.30635058156080264,0.7716298413460038,0.05261076515037251,0.17575939350362382,0.428773723489098,0.22567037091597175,0.3455559055949303,0.5572644281120307,0.2726372064809005,0.17009836540706877,0.07874792660088534,0.09786877498463442
221,0.008454962143711104,0.2056085247037415,0.7859365131525474,0.4390720320355129,0.2954375221360684,0.26549044582841863,0.5066178836545563,0.19163105230617647,0.3017510640392672,0.7480927561741134,0.06679786844191919,0.1851093753839673,0.42618798574222166,0.22606020496211798,0.3477518092956603,0.5556062163337001,0.27464422843493863,0.1697495552313612,0.0787981812119116,0.09773014980180952
222,0.006742572912594055,0.1638653876260343,0.8293920394613717,0.39756136793113084,0.31142482055990234,0.2910138115089668,0.49218369619612445,0.19786310672249036,0.30995319708138513,0.7902121979282838,0.047374310764789936,0.16241349130692626,0.41930641221543047,0.22094087231629775,0.3597527154682718,0.5532080461681974,0.27119123049260285,0.17560072333919963,0.07864138815021848,0.09754823133403329
223,0.006465351240431862,0.24766334622167296,0.7458713025378952,0.4395162857959879,0.30430400111818934,0.2561797130858228,0.539187526169555,0.18204652297186763,0.2787659508585774,0.6893664571526902,0.08127260051237933,0.22936094233493054,0.4529761245242657,0.22654277681964743,0.320481098656087,0.5831297644338982,0.2687250752625411,0.14814516030356067,0.07875134203817459,0.09780919937868537
224,0.004636774290893723,0.25414230517066855,0.7412209205384377,0.42300153418210873,0.31017841588027295,0.2668200499376184,0.5316085017521267,0.184453169073656,0.2839383291742173,0.7885983649183257,0.055917984682741055,0.15548365039893322,0.45508330580152173,0.22806543370037372,0.31685126049810447,0.6055929247354691,0.25498362545584247,0.13942344980868848,0.07870422051390852,0.09783112563040378
225,0.00010680426219571049,0.2948081424408641,0.7050850532969403,0.4190797105600094,0.30859703491846424,0.2723232545215263,0.536373116459305,0.1839756976997679,0.2796511858409272,0.8136589834329624,0.04900445184948913,0.13733656471754857,0.46589903282425743,0.20831301761890833,0.3257879495568344,0.5814817172800559,0.278173143806352,0.14034513891359202,0.07868606809415471,0.09783889934501225
226,0.0004892627908613177,0.290825552912596,0.7086851842965427,0.43847496993346113,0.2860754010555572,0.27544962901098174,0.5197575384151343,0.2038241812207043,0.2764182803641614,0.7697238436406993,0.062357679169342435,0.16791847718995814,0.45473627973103276,0.19163055388494166,0.3536331663840257,0.5893775544003365,0.2838844146088767,0.12673803099078687,0.07873836672116678,0.09783992775644036
227,0.00016093351704643075,0.2361143046632671,0.7637247618196865,0.4359148353459673,0.27923449744922574,0.28485066720480684,0.5451065623854859,0.1870607812069903,0.2678326564075237,0.7089750556978417,0.0756789587633571,0.2153459855388012,0.4694395815767884,0.18366429160086498,0.3468961268223467,0.5994209708790181,0.2874725919936643,0.11310643712731759,0.07865794110685978,0.09787060501087441
228,0.003151860851654481,0.29634568315297,0.7005024559953754,0.4087525992371842,0.3278686108656137,0.26337878989720204,0.5014702127458925,0.19792436068640948,0.30060542656769806,0.714955082253751,0.06622473534473051,0.21882018240151832,0.46187090653249596,0.17730954825948259,0.36081954520802156,0.5856651340009936,0.27751014385232087,0.1368247221466855,0.0786613604070329,0.09774688385696938
229,0.005144188669993066,0.2762300660357087,0.7186257452942982,0.42461161396506875,0.3091806713685984,0.26620771466633286,0.542258807372293,0.19055896009277043,0.2671822325349366,0.769065696207936,0.06095923497149582,0.1699750688205682,0.45889424009991375,0.20526505130969153,0.3358407085903947,0.5679423132416498,0.2970769593752112,0.13498072738313904,0.07863195728087437,0.09784708418505766
230,0.0004977865322047715,0.2558226875787276,0.7436795258890676,0.4072061104979076,0.30780175733131754,0.2849921321707749,0.4681591031905519,0.21914356634160753,0.31269733046784054,0.6528277380246246,0.08938839825788994,0.25778386371748546,0.44086946133575966,0.204099696533619,0.3550308421306213,0.6051354514082675,0.28831884051774775,0.10654570807398481,0.07850672380096185,0.09777714806255923
231,0.007318626729568171,0.36412030418601493,0.6285610690844168,0.43962117396454803,0.29089401248065544,0.2694848135547964,0.4303331327363165,0.21554657661282753,0.354120290650856,0.7905489474798989,0.051456780136095705,0.15799427238400546,0.4770541843313644,0.21673044657392507,0.30621536909471053,0.5482401364558193,0.3025039991953124,0.1492558643488684,0.07875034070951295,0.09801790062422472
232,0.006778133404232811,0.35385879595035014,0.639363070645417,0.4376092137471145,0.27499303921914553,0.28739774703374005,0.4966505247835121,0.18678562051030562,0.31656385470618215,0.6703312212811889,0.08203491986220884,0.2476338588566021,0.4768263281482878,0.21302819326562475,0.3101454785860874,0.5665400289472118,0.289967267946491,0.14349270310629705,0.0787459745067379,0.0980959812153328
233,0.007692073829546957,0.36570010745272574,0.6266078187177273,0.4564981262993844,0.2744694003616283,0.26903247333898733,0.48904903099764124,0.19939009619448286,0.31156087280787575,0.6552437030157242,0.09371284319973519,0.25104345378454057,0.48801893713909783,0.21413100047388228,0.2978500623870199,0.5845665483542609,0.27723971888848364,0.1381937327572554,0.07867100539003394,0.09814110598367126
234,0.007343326884932542,0.3804647285520338,0.6121919445630337,0.4529787902710018,0.28168287782538254,0.2653383319036156,0.29844781827309963,0.25784683257608765,0.4437053491508127,0.8106114834231686,0.04683751410392266,0.14255100247290875,0.49158973039344617,0.18347218701278867,0.3249380825937652,0.5322886954851191,0.32583689755283274,0.14187440696204817,0.07850027521175112,0.09792315199550532
235,0.004217208664087107,0.36815184774335336,0.6276309435925594,0.4381004540342843,0.2777942125998343,0.2841053333658814,0.5191786253903686,0.21813534999735246,0.26268602461227886,0.6278138753745863,0.10199980538911395,0.27018631923629977,0.47256000593366687,0.2507519883406776,0.2766880057256556,0.5689685330255806,0.2917399368309542,0.13929153014346515,0.07861633833383729,0.0982449326975556
236,0.006213808868068764,0.194564155052238,0.7992220360796932,0.46004880767791356,0.24918906649692332,0.290762125825163,0.46803300796932906,0.1797080238958618,0.35225896813480906,0.6652655393718814,0.08410479459418783,0.2506296660339307,0.4809108281352551,0.1608978461683102,0.3581913256964347,0.547218448465458,0.2874043500943484,0.16537720144019372,0.07852345796101612,0.09789043004641634
237,0.008357218646145715,0.36791580454195705,0.6237269768118971,0.4835191084095984,0.2834813269180222,0.23299956467237937,0.5430554725960682,0.17368798319755174,0.28325654420638,0.8395168570049665,0.03918804882065182,0.12129509417438183,0.4967154621683113,0.20961319658249547,0.29367134124919314,0.6002358524029868,0.2668221413058939,0.13294200629111932,0.07866497430799577,0.09803735770539515
238,0.0035288548162634346,0.240897520971959,0.7555736242117775,0.48370807127094895,0.2732087707432408,0.2430831579858102,0.4650957175051632,0.20152331067856905,0.33338097181626786,0.6317805445619041,0.10798308412587077,0.2602363713122252,0.47308095533332123,0.23099769104934761,0.29592135361733113,0.5780488359100767,0.31136689393694994,0.11058427015297333,0.07849649542260549,0.09812858558098939
239,0.17598540051279202,0.30292059162974455,0.5210940078574635,0.37199961422395633,0.3386126630167492,0.2893877227592945,0.36761349803356674,0.2906444995451466,0.3417420024212866,0.049129792485297245,0.21114700506750053,0.7397232024472022,0.43104789623324713,0.189314534353718,0.37963756941303484,0.5949192930534314,0.24954383955507686,0.15553686739149178,0.07746984617621372,0.09636428170650771
240,0.009572219678033166,0.2832526319864585,0.7071751483355083,0.3987839818823328,0.2932025623747243,0.30801345574294275,0.5712822668316402,0.16341942740591595,0.2652983057624439,0.40649073890029636,0.15789709085033243,0.4356121702493712,0.47635188394140693,0.22412009968834515,0.29952801637024784,0.49426638858728916,0.1688885415376631,0.3368450698750477,0.07857491121896784,0.09753977091749061
241,0.0019184236054172643,0.3131876325746505,0.6848939438199322,0.4236667792430778,0.3043224710189465,0.27201074973797573,0.5346561750095431,0.18745423709409845,0.2778895878963585,0.3359632785727009,0.17379409900126483,0.4902426224260344,0.4651146189169779,0.20779535975052574,0.3270900213324963,0.5737223601629727,0.2867005133764713,0.13957712646055614,0.07840118474658463,0.09773961466382321
242,0.0047989229222235325,0.2571813251492464,0.73801975192853,0.4405857742356867,0.33760556006893494,0.2218086656953783,0.529425586554235,0.18153238160024526,0.2890420318455198,0.7969692492100195,0.058782153852122036,0.1442485969378584,0.43433665608222266,0.24628097416621889,0.3193823697515584,0.5962337043879484,0.3015314532125655,0.10223484239948603,0.07870298739223416,0.09766751763171834
243,0.006741375689255317,0.3233408708737754,0.6699177534369694,0.41537446207618184,0.32828569432631993,0.25633984359749823,0.42437995063244904,0.23021427940230202,0.34540576996524885,0.6729540246270576,0.08619965028823137,0.24084632508471102,0.39349156475303404,0.2559686588481481,0.3505397763988178,0.6045805800952839,0.28799702478250877,0.10742239512220722,0.07859284198748337,0.09769125302937803
244,0.008723038336405881,0.27660985794790005,0.714667103715694,0.4814277612821652,0.26860593638060165,0.2499663023372331,0.32650442798140517,0.2526615438741306,0.42083402814446425,0.657916206930287,0.09257962267240148,0.24950417039731146,0.4511477456419665,0.23703924378976599,0.31181301056826743,0.554559444901588,0.318954431128187,0.1264861239702249,0.07850570819803458,0.0979951887212274
245,0.017023016637845178,0.32862291775877545,0.6543540656033793,0.3006100919631648,0.5447702206593386,0.15461968737749676,0.6342294256256579,0.200802361992372,0.16496821238197007,0.6498327731325414,0.10038757492419137,0.2497796519432673,0.07899002372820847,0.4039728787788654,0.5170370974929261,0.6076916535244755,0.28662677049234025,0.10568157598318413,0.07784034318777754,0.09655505254227074
246,0.0386128626107262,0.14523934903731736,0.8161477883519563,0.221667970531973,0.6897674112964196,0.08856461817160727,0.48271852870815224,0.19522760016688914,0.3220538711249587,0.8072474479544751,0.04967255452297549,0.14307999752254935,0.47636970253635474,0.23899166894928964,0.2846386285143557,0.6196910941740221,0.23584237890300153,0.14446652692297632,0.07856920225423022,0.09703536355666705
247,0.021033282295928664,0.303792091321512,0.6751746263825593,0.4325541230666697,0.28963708635385493,0.27780879057947544,0.4075817805324036,0.22666634235096986,0.36575187711662654,0.6143159627189023,0.09794051337055823,0.28774352391053953,0.4077422375680474,0.22897403714223705,0.36328372528971564,0.5584025619868799,0.3130164447830117,0.12858099323010835,0.07849927942863187,0.09798120044215945
248,0.01043055229412681,0.3374429114472939,0.6521265362585793,0.27949806182566916,0.5949421533628979,0.125559784811433,0.5658437026669549,0.1718961522414152,0.2622601450916299,0.6789195894885904,0.09688850870660448,0.22419190180480505,0.7900867987340607,0.09520323952681567,0.1147099617391236,0.6206106356281192,0.22512729216444555,0.15426207220743532,0.078689390943388,0.0978352729592648
249,0.00808215550625039,0.29672886734332654,0.695188977150423,0.18470698621956763,0.6752149102944978,0.14007810348593452,0.5603365894794267,0.1846803720233539,0.2549830384972194,0.6747164184485022,0.09728780518250488,0.2279957763689928,0.6479594388717286,0.15954544766829626,0.1924951134599751,0.5651996788669537,0.2787291464856146,0.15607117464743184,0.07875235572394594,0.09755644526952374
