trialid,accuracy,similarity,topk,shrink,asymmetric_alpha,normalize,tversky_alpha,tversky_beta,normalize_avg_row,similarity_from_distance_mode
0,0.06960293290866308,dice,211,162,,,,,,
1,0.0654230528743905,asymmetric,690,866,0.39544737243866956,,,,,
2,0.02411445728791855,asymmetric,272,874,1.6562512933784146,,,,,
3,0.07418553863799432,tversky,717,21,,,1.258444554054224,1.2058944716799622,,
4,0.059495679940198685,jaccard,590,708,,,,,,
5,0.06456431589574721,jaccard,711,316,,,,,,
6,0.06123273697715747,dice,218,844,,,,,,
7,0.061003012708541256,dice,263,855,,,,,,
8,0.008249891898950843,asymmetric,81,79,1.8133193194367148,,,,,
9,0.04322032858599375,euclidean,68,19,,True,,,True,log
10,0.06390527204251907,tversky,953,472,,,1.3129865347370606,1.2519059926550806,,
11,0.07384376443935643,cosine,443,215,,,,,,
12,0.07334916058009888,cosine,470,250,,,,,,
13,0.07116085875466521,cosine,909,417,,,,,,
14,0.06443513898977318,tversky,452,195,,,0.5362731224180612,0.39949261557713744,,
15,0.06490103298910099,tversky,785,601,,,1.961916881807497,1.913863198011935,,
16,0.07226246291349492,cosine,550,355,,,,,,
17,0.0121049984693889,euclidean,402,6,,False,,,False,exp
18,0.05281617257072328,tversky,648,128,,,0.007031405098138377,0.9766194417778885,,
19,0.07270255940710878,cosine,828,230,,,,,,
20,0.06500081823937234,tversky,369,315,,,1.1943172529515178,0.24558407596509668,,
21,0.07335048715883005,cosine,508,242,,,,,,
22,0.07420936330010168,cosine,566,89,,,,,,
23,0.07426405109632539,cosine,611,80,,,,,,
24,0.07393761168100509,cosine,784,89,,,,,,
25,0.07434124258730537,cosine,618,67,,,,,,
26,0.07059934675916311,cosine,598,607,,,,,,
27,0.07435069199424037,cosine,550,89,,,,,,
28,0.06882971006855612,cosine,633,993,,,,,,
29,0.07478154345705454,cosine,351,142,,,,,,
30,0.04081845400241965,euclidean,136,177,,True,,,False,lin
31,0.07453522920670515,cosine,356,152,,,,,,
32,0.07487826727622711,cosine,337,142,,,,,,
33,0.07495079270300607,cosine,323,138,,,,,,
34,0.07491871913989533,asymmetric,338,132,0.025981034022771743,,,,,
35,0.07424315946150342,asymmetric,303,298,0.032068120330517376,,,,,
36,0.06314351083588386,asymmetric,203,391,0.727021571124564,,,,,
37,0.0695165317161308,jaccard,329,143,,,,,,
38,0.0761781416055265,asymmetric,226,275,0.054405666404994356,,,,,
39,0.07602616394389575,asymmetric,165,281,0.014452473059181736,,,,,
40,0.07626716682484788,asymmetric,146,280,0.01561514162929234,,,,,
41,0.07621833821755511,asymmetric,153,281,0.017602750106571845,,,,,
42,0.07870419240409028,asymmetric,16,457,0.048985664281623126,,,,,
43,0.07174355488139145,asymmetric,5,472,0.04523414993384441,,,,,
44,0.07392106991447064,asymmetric,157,553,0.006629158811816046,,,,,
45,0.07920157638808405,asymmetric,50,279,0.3178722202254543,,,,,
46,0.07619279037895764,asymmetric,8,362,0.392801025483631,,,,,
47,0.07679527901069264,asymmetric,9,410,0.37819873813780075,,,,,
48,0.06677563593953842,dice,69,436,,,,,,
49,0.07356322164713282,asymmetric,108,531,0.3592778785659343,,,,,
50,0.07796753023645321,asymmetric,45,351,0.3687284843128439,,,,,
51,0.0787817181245935,asymmetric,32,363,0.3361814139754138,,,,,
52,0.0785426989738318,asymmetric,40,384,0.32705956956903015,,,,,
53,0.07845646938714292,asymmetric,38,368,0.3606547420153691,,,,,
54,0.07869883430001778,asymmetric,50,345,0.3160407738597056,,,,,
55,0.07228712155437676,asymmetric,105,484,0.5776086874575602,,,,,
56,0.06796836356001922,jaccard,44,344,,,,,,
57,0.06625005024135916,dice,101,447,,,,,,
58,0.08006263924050787,asymmetric,45,380,0.2718202586814734,,,,,
59,0.06773291842831045,asymmetric,259,682,0.25755492392238,,,,,
60,0.07276240490370463,asymmetric,189,543,0.21224946476679019,,,,,
61,0.08041098905585624,asymmetric,49,389,0.23745272509097992,,,,,
62,0.07929588076361228,asymmetric,85,392,0.2278366559119913,,,,,
63,0.07939578832272969,asymmetric,72,431,0.18244637679034464,,,,,
64,0.04896352952369727,euclidean,83,508,,False,,,True,lin
65,0.07917303175121307,asymmetric,118,324,0.21531455973259955,,,,,
66,0.07903635310031129,asymmetric,127,325,0.21089501746005218,,,,,
67,0.08017254951585302,asymmetric,119,214,0.18163921216972836,,,,,
68,0.06847089361441212,jaccard,244,213,,,,,,
69,0.0727444372259162,tversky,80,188,,,1.970371867287728,1.9648391496132753,,
70,0.06532769485440108,dice,184,418,,,,,,
71,0.07895309046579625,asymmetric,126,318,0.18784738180707983,,,,,
72,0.08038749413768803,asymmetric,113,227,0.1907862164146875,,,,,
73,0.08057177627503725,asymmetric,73,259,0.18931771829900781,,,,,
74,0.08004528765646926,asymmetric,79,249,0.17298927985391008,,,,,
75,0.048954117463897065,euclidean,87,245,,False,,,True,log
76,0.07930788099384371,asymmetric,175,201,0.16864834908523513,,,,,
77,0.07965387260046576,asymmetric,171,196,0.16711753525157602,,,,,
78,0.07485631396743837,asymmetric,199,250,0.5245626803787876,,,,,
79,0.07898368708328116,asymmetric,290,168,0.17489385661223944,,,,,
80,0.07903845446809246,asymmetric,135,105,0.13596446580932092,,,,,
81,0.07907067616993989,asymmetric,165,211,0.15933591708433026,,,,,
82,0.07970411418356034,asymmetric,69,205,0.14129209913015967,,,,,
83,0.07164148841526498,asymmetric,69,47,0.1365132872758583,,,,,
84,0.06530114078306534,tversky,215,226,,,0.6558286064884742,0.18436269708962794,,
85,0.08000633120630854,asymmetric,63,244,0.11881192089144624,,,,,
86,0.07906944970984779,asymmetric,104,111,0.1122288446667068,,,,,
87,0.07535670661930816,asymmetric,26,249,0.491182371898882,,,,,
88,0.07014308203478396,jaccard,142,178,,,,,,
89,0.07872712375335979,asymmetric,101,259,0.11017181858134326,,,,,
90,0.08017181881765052,asymmetric,57,294,0.26834159324038875,,,,,
91,0.08030677653217981,asymmetric,57,303,0.2567777254534809,,,,,
92,0.0795764837746877,asymmetric,63,301,0.2777957544677977,,,,,
93,0.08006368578711535,asymmetric,58,296,0.2663148037170675,,,,,
94,0.08137150236104639,asymmetric,22,228,0.2786727592280957,,,,,
95,0.08109145876258947,asymmetric,22,269,0.27374088980387185,,,,,
96,0.05264791674032537,euclidean,19,308,,True,,,False,exp
97,0.06559080680803234,dice,5,291,,,,,,
98,0.08137326323181293,asymmetric,31,262,0.26752040107532504,,,,,
99,0.07781492137964446,asymmetric,28,262,0.4408431830227187,,,,,
100,0.0800907908290902,asymmetric,117,168,0.2798579564608906,,,,,
101,0.08110228281236435,asymmetric,53,162,0.2692350358632539,,,,,
102,0.08001300853146637,asymmetric,121,162,0.28082869539734917,,,,,
103,0.07559912925456796,asymmetric,100,225,0.433063539747661,,,,,
104,0.06417938882458495,asymmetric,957,333,0.2921772702728225,,,,,
105,0.06692934180531543,asymmetric,1000,268,0.05555010315270614,,,,,
106,0.08059456224012711,asymmetric,27,114,0.39424490836504245,,,,,
107,0.06118453333952396,tversky,29,31,,,0.05763014531389654,0.0049467971155383594,,
108,0.07157446490366429,asymmetric,498,108,0.3907840679498089,,,,,
109,0.06585927146893693,asymmetric,403,827,0.35012663013498413,,,,,
110,0.07469757334134794,jaccard,38,64,,,,,,
111,0.08071010636959824,asymmetric,91,155,0.259922678105618,,,,,
112,0.08082069141861101,asymmetric,53,127,0.24018003970513707,,,,,
113,0.07923676668851283,asymmetric,89,157,0.3345872881933972,,,,,
114,0.07701013826837101,asymmetric,7,122,0.232672649165734,,,,,
115,0.0797425186862324,asymmetric,31,186,0.08445486775833347,,,,,
116,0.07958852375206131,asymmetric,147,231,0.2176402247435709,,,,,
117,0.08081171294561425,asymmetric,45,145,0.3241348157560614,,,,,
118,0.07839645271536695,asymmetric,54,138,0.4205905975925553,,,,,
119,0.0702318470102803,dice,703,79,,,,,,
120,0.05117573306154556,euclidean,22,97,,True,,,True,lin
121,0.07978540644208827,asymmetric,92,123,0.3249468306108262,,,,,
122,0.08099163953060001,asymmetric,50,148,0.2598433645167599,,,,,
123,0.08091946447721506,asymmetric,53,155,0.25262486618575664,,,,,
124,0.07781228011500856,asymmetric,6,149,0.3389527320599378,,,,,
125,0.07947087134878168,asymmetric,41,65,0.2306328552189488,,,,,
126,0.0774689832069868,asymmetric,81,173,0.3881836889657001,,,,,
127,0.07720125728241058,asymmetric,46,128,0.07095621280788555,,,,,
128,0.07928638733011328,asymmetric,78,195,0.30993510168583027,,,,,
129,0.08032057124634678,asymmetric,29,151,0.22072752862986889,,,,,
130,0.07465827375468218,asymmetric,660,44,0.31322209731000245,,,,,
131,0.08027967161228095,asymmetric,26,149,0.23193360831003718,,,,,
132,0.07777726508201968,asymmetric,761,9,0.21216627747668657,,,,,
133,0.08057013960269245,asymmetric,62,182,0.21138920798734626,,,,,
134,0.07891801290218257,asymmetric,66,178,0.37194171878361126,,,,,
135,0.07988401532506031,asymmetric,104,204,0.16926594261625127,,,,,
136,0.07025118044650623,tversky,55,90,,,1.6037657841934303,0.654691797768858,,
137,0.07041339125075556,asymmetric,5,221,0.10475323270556786,,,,,
138,0.08083057822808794,asymmetric,84,129,0.28677848750756324,,,,,
139,0.08068086330476229,asymmetric,74,125,0.28437576596419356,,,,,
140,0.07164602153105934,jaccard,136,111,,,,,,
141,0.08058200804313632,asymmetric,77,137,0.2999363586962442,,,,,
142,0.08013141805933463,asymmetric,84,129,0.3061241702609109,,,,,
143,0.06930417186209888,asymmetric,853,162,0.2659954915837235,,,,,
144,0.0794290392234755,asymmetric,75,91,0.3613151568780321,,,,,
145,0.08127821873725946,asymmetric,39,70,0.3141747744551268,,,,,
146,0.08121487767495306,asymmetric,34,73,0.311173776938791,,,,,
147,0.08000039810073546,asymmetric,44,60,0.41081435474480976,,,,,
148,0.07910070539472722,asymmetric,22,31,0.4589123501211768,,,,,
149,0.080734817921799,asymmetric,97,76,0.3012355769023392,,,,,
150,0.07396977674231216,dice,37,79,,,,,,
151,0.08040568060030785,asymmetric,93,108,0.3023896775845732,,,,,
152,0.0794223612302367,asymmetric,52,129,0.36768226679216887,,,,,
153,0.08077083491830658,asymmetric,104,47,0.2651206520656703,,,,,
154,0.08113733826703376,asymmetric,111,54,0.26612542591586613,,,,,
155,0.08041652601594361,asymmetric,117,44,0.2558833869843957,,,,,
156,0.014177418016284318,euclidean,103,2,,False,,,False,exp
157,0.07571389361593589,cosine,135,66,,,,,,
158,0.07888800184335654,asymmetric,90,29,0.2576909720063234,,,,,
159,0.08049742617304252,asymmetric,62,91,0.34018559429595663,,,,,
160,0.07887095238110743,asymmetric,115,76,0.14959396905700936,,,,,
161,0.07932482258076015,asymmetric,21,53,0.28019961160554874,,,,,
162,0.08086226346677382,asymmetric,34,114,0.3236557315794028,,,,,
163,0.08048591916533256,asymmetric,37,100,0.34914971184245036,,,,,
164,0.0759072345172611,asymmetric,52,23,0.2554896313048142,,,,,
165,0.07792605545998509,asymmetric,8,75,0.3096403350457977,,,,,
166,0.07991359403212761,asymmetric,64,118,0.2055067163743299,,,,,
167,0.07529743693824663,asymmetric,155,147,0.38896629283029904,,,,,
168,0.07995009541856019,asymmetric,88,88,0.3316855118802506,,,,,
169,0.07890854432825127,asymmetric,40,48,0.25650530508651637,,,,,
170,0.07104744091736899,tversky,105,162,,,0.8246368871359745,1.5758439955052168,,
171,0.08082120545995762,asymmetric,24,117,0.29363464371226444,,,,,
172,0.08113187882033308,asymmetric,19,116,0.29105904732035337,,,,,
173,0.07796859547146053,asymmetric,19,113,0.17749394873022628,,,,,
174,0.08059945023019226,asymmetric,42,142,0.2390447923102747,,,,,
175,0.07933284569965829,asymmetric,9,98,0.31498150325384366,,,,,
176,0.08001422940886167,asymmetric,29,62,0.42021216264401434,,,,,
177,0.07303417935663825,asymmetric,57,993,0.3658579807586679,,,,,
178,0.0802787945215966,asymmetric,43,167,0.20675796740864444,,,,,
179,0.06749368336912456,jaccard,5,188,,,,,,
180,0.07043344214162725,asymmetric,72,39,0.1441077180762622,,,,,
181,0.08090642837952933,asymmetric,79,132,0.2948567362024069,,,,,
182,0.0813518244121053,asymmetric,29,138,0.2944709290925243,,,,,
183,0.08093008772410255,asymmetric,24,130,0.29177781982634615,,,,,
184,0.08068639755372561,asymmetric,27,129,0.3431952828557933,,,,,
185,0.08072204911652507,asymmetric,25,103,0.24219711895703197,,,,,
186,0.08088696856299912,asymmetric,51,147,0.28686359893668884,,,,,
187,0.08095126100310264,asymmetric,48,139,0.29480824068397105,,,,,
188,0.07694861980694599,asymmetric,52,139,0.46984467155392107,,,,,
189,0.07071417890921902,dice,19,174,,,,,,
190,0.08024767311547293,asymmetric,58,117,0.1877128774273705,,,,,
191,0.08156538531093563,asymmetric,39,149,0.28823540056495084,,,,,
192,0.07651206943841352,asymmetric,5,151,0.29010518197425855,,,,,
193,0.07902861919760681,asymmetric,43,191,0.3910712165965337,,,,,
194,0.08051915159048478,asymmetric,33,127,0.23123152312590148,,,,,
195,0.07297375028551771,cosine,68,582,,,,,,
196,0.08100294861589584,asymmetric,28,163,0.3001480583427708,,,,,
197,0.08116527819052856,asymmetric,25,174,0.3411052351271836,,,,,
198,0.04779871874653262,euclidean,36,203,,True,,,False,log
199,0.07894561647933948,asymmetric,70,168,0.3542744755724857,,,,,
200,0.08107196017768821,asymmetric,21,157,0.3255654491931602,,,,,
201,0.08106541810973232,asymmetric,17,157,0.3262418314833885,,,,,
202,0.08080369500655986,asymmetric,22,182,0.3341161335500562,,,,,
203,0.0777782051338562,asymmetric,9,164,0.41365669337094824,,,,,
204,0.08004312853534999,asymmetric,39,210,0.33011762934461625,,,,,
205,0.043714329507197315,asymmetric,8,151,0.7726248337616541,,,,,
206,0.08099937279598884,asymmetric,48,187,0.28449932217321244,,,,,
207,0.08106793137864542,asymmetric,56,232,0.2607349388736416,,,,,
208,0.07988800144485868,asymmetric,61,197,0.19312146419719883,,,,,
209,0.0808773347986385,asymmetric,29,214,0.23405314376598788,,,,,
210,0.07852012267864301,asymmetric,51,224,0.3785656203839832,,,,,
211,0.08080751998530625,asymmetric,48,174,0.282078501535467,,,,,
212,0.0807797582154013,asymmetric,24,157,0.2767721904003577,,,,,
213,0.08002533181560993,asymmetric,73,183,0.30159503470882243,,,,,
214,0.07429297098423383,asymmetric,5,729,0.246990052424131,,,,,
215,0.07906317003330378,asymmetric,51,233,0.35083341489078884,,,,,
216,0.07103795492754927,tversky,34,143,,,0.38507867670675755,0.7084328849679536,,
217,0.08037966761396913,asymmetric,65,201,0.20628199477267617,,,,,
218,0.08142117287735241,asymmetric,22,244,0.276015722420999,,,,,
219,0.06885923777540613,asymmetric,570,268,0.26276129784198077,,,,,
220,0.08090274086387292,asymmetric,26,241,0.3178368841474109,,,,,
221,0.08054399395723588,asymmetric,19,240,0.3259700429316534,,,,,
222,0.08108111445029373,asymmetric,23,247,0.306027971906249,,,,,
223,0.07655619916481542,asymmetric,6,286,0.37338513873935064,,,,,
224,0.08118932202016511,asymmetric,39,262,0.23521458596740105,,,,,
225,0.08071994078566756,asymmetric,34,267,0.21683698871688173,,,,,
226,0.06602682982015175,jaccard,5,255,,,,,,
227,0.08127965816311514,asymmetric,44,213,0.2541451956346673,,,,,
228,0.0813781249557091,asymmetric,34,227,0.24892117079930892,,,,,
229,0.07992567934636842,asymmetric,44,248,0.15932353604156305,,,,,
230,0.08130058282328864,asymmetric,35,227,0.24035272727967996,,,,,
231,0.08132670957940134,asymmetric,38,224,0.2379892812107008,,,,,
232,0.08060934031717079,asymmetric,20,220,0.23486263909760158,,,,,
233,0.08026961308163977,asymmetric,36,235,0.19868391104048802,,,,,
234,0.08114065292971068,asymmetric,27,272,0.24497091294679113,,,,,
235,0.08014179276017538,asymmetric,27,273,0.1688649823569079,,,,,
236,0.06762743510071864,asymmetric,5,257,0.03420504373788136,,,,,
237,0.07994869978244062,asymmetric,64,226,0.10552037175794196,,,,,
238,0.0810421884842782,asymmetric,41,280,0.24393724272148598,,,,,
239,0.07455120996286613,cosine,25,284,,,,,,
240,0.06983649708093537,dice,35,248,,,,,,
241,0.08115460604934978,asymmetric,42,268,0.2559144519733383,,,,,
242,0.08087658249402858,asymmetric,24,275,0.22241109584298469,,,,,
243,0.07105498391862371,asymmetric,390,265,0.25091466154480957,,,,,
244,0.08113359031319023,asymmetric,42,235,0.250084455053887,,,,,
245,0.08025331671612919,asymmetric,62,239,0.19556126273683683,,,,,
246,0.04494564817678071,euclidean,5,302,,False,,,True,lin
247,0.08117370221094385,asymmetric,48,223,0.24166359949469388,,,,,
248,0.0797208765431719,asymmetric,64,217,0.12978309283000136,,,,,
249,0.08123733797080893,asymmetric,45,227,0.26044042326050065,,,,,
250,0.08043465588568523,asymmetric,76,231,0.2505994957221465,,,,,
251,0.07986704301461847,asymmetric,46,256,0.17566548395906162,,,,,
252,0.08037663246946622,asymmetric,55,209,0.21072010089161045,,,,,
253,0.017171392600915387,asymmetric,40,238,1.1345575419146792,,,,,
254,0.08006456643201876,asymmetric,78,225,0.2649163593086111,,,,,
255,0.08148931190549442,asymmetric,35,210,0.24725133023916973,,,,,
256,0.08018820157343012,asymmetric,24,208,0.14431099596615354,,,,,
257,0.08077141871342555,asymmetric,35,258,0.206532780507728,,,,,
258,0.08005524474714326,asymmetric,18,204,0.23070497726149908,,,,,
259,0.07061950099664141,tversky,43,325,,,1.0234088446640084,1.588030294475549,,
260,0.07658062730323245,asymmetric,5,248,0.2832480268783175,,,,,
261,0.07826767649483177,asymmetric,64,287,0.33475382867122094,,,,,
262,0.07995310183601817,asymmetric,37,212,0.18419265951780572,,,,,
263,0.07989840057548496,asymmetric,72,265,0.26736512781038685,,,,,
264,0.08092622634003532,asymmetric,22,194,0.30949999095931113,,,,,
265,0.06977118862317798,jaccard,49,223,,,,,,
266,0.08073328000478525,asymmetric,87,246,0.23137529375821053,,,,,
267,0.07901699456086769,asymmetric,38,314,0.36066005376875393,,,,,
268,0.07010798116455816,asymmetric,6,197,0.07237557814819337,,,,,
269,0.08080338204763605,asymmetric,56,236,0.2769385284879664,,,,,
270,0.08081791060980498,asymmetric,24,261,0.3220735211574527,,,,,
271,0.06714806654909837,dice,438,219,,,,,,
272,0.08002286695846499,asymmetric,62,287,0.17332182995579654,,,,,
273,0.07606957157723551,cosine,39,191,,,,,,
274,0.08100396286425571,asymmetric,82,245,0.22724367907358248,,,,,
275,0.052284423382258145,euclidean,20,212,,True,,,True,exp
276,0.07863996360243236,asymmetric,50,272,0.35494623783227136,,,,,
277,0.07645082394026909,asymmetric,5,230,0.27647160716028446,,,,,
278,0.07954015622561914,asymmetric,31,181,0.4063345096518526,,,,,
279,0.07856615912746862,asymmetric,68,253,0.307032545086073,,,,,
280,0.08017626940014509,asymmetric,42,216,0.14585134986276183,,,,,
281,0.08089616516486862,asymmetric,23,289,0.21607555765875405,,,,,
282,0.08017979314103096,asymmetric,91,196,0.2581467169529162,,,,,
283,0.07308889466732423,asymmetric,60,236,0.5783186415825692,,,,,
284,0.08066425602071313,asymmetric,25,263,0.31098659137251944,,,,,
285,0.08159249375114809,asymmetric,46,182,0.24459196100255176,,,,,
286,0.08087543158410887,asymmetric,76,221,0.20248090599178875,,,,,
287,0.0684677629767523,tversky,47,181,,,0.307523652724518,0.5887360700614609,,
288,0.08079561705179128,asymmetric,58,249,0.2554797531974442,,,,,
289,0.0733838117100256,asymmetric,5,202,0.17377968024834173,,,,,
290,0.08046519199347328,asymmetric,40,275,0.1276262276372496,,,,,
291,0.07578504925295708,asymmetric,90,645,0.22949677062072632,,,,,
292,0.06852887403641958,jaccard,66,296,,,,,,
293,0.08105349611900863,asymmetric,40,229,0.2758564573722333,,,,,
294,0.08058380054971159,asymmetric,26,205,0.20686648910989616,,,,,
295,0.0755135649910914,asymmetric,51,886,0.25195610688347425,,,,,
296,0.07797623632396089,asymmetric,76,180,0.3734218932706698,,,,,
297,0.08007950985006614,asymmetric,23,246,0.09211612316806667,,,,,
298,0.07580228461592536,asymmetric,5,309,0.29573373320088736,,,,,
299,0.07744649941475663,asymmetric,43,77,0.16368555457734318,,,,,
300,0.06948875871500619,dice,62,232,,,,,,
301,0.0745322344825996,cosine,103,268,,,,,,
302,0.07725862686649769,asymmetric,40,505,0.34678024592912754,,,,,
303,0.04868779915895932,euclidean,22,201,,False,,,False,log
304,0.08005409809334589,asymmetric,80,61,0.241718004522948,,,,,
305,0.08038816681960292,asymmetric,56,220,0.28837852851362517,,,,,
306,0.08049618835744062,asymmetric,32,183,0.20479853168754458,,,,,
307,0.07650988966182243,asymmetric,6,258,0.3142970499200033,,,,,
308,0.08079877090449437,asymmetric,58,241,0.25088070591978584,,,,,
309,0.08056587813023461,asymmetric,34,172,0.1859201636167154,,,,,
310,0.07770354475519016,asymmetric,88,213,0.35045922552183284,,,,,
311,0.0654863486466246,asymmetric,854,284,0.26785193776231514,,,,,
312,0.07787632264152174,asymmetric,24,245,0.017780576765681788,,,,,
313,0.07802846019672031,asymmetric,49,221,0.41340465455038955,,,,,
314,0.07733847017003778,tversky,74,8,,,0.8099878788154645,0.8676781775293124,,
315,0.08069154927151563,asymmetric,21,339,0.22102894584853686,,,,,
316,0.00844059069161141,asymmetric,42,97,1.7542209606410097,,,,,
317,0.07801323938238489,asymmetric,280,199,0.13381681575027765,,,,,
318,0.07611025576416026,asymmetric,5,261,0.3032738283159095,,,,,
319,0.08019050945578629,asymmetric,66,233,0.2772618905886199,,,,,
320,0.07655663427373499,jaccard,39,32,,,,,,
321,0.015863170282414234,asymmetric,537,169,1.0930318171621494,,,,,
322,0.07870407779452696,asymmetric,57,275,0.3311026642885929,,,,,
323,0.07257938168576797,asymmetric,320,306,0.2323309556556336,,,,,
324,0.0798570128038028,asymmetric,21,191,0.3879443030408361,,,,,
325,0.08107358609317881,asymmetric,37,215,0.2929364590131447,,,,,
326,0.07895286874502637,asymmetric,76,82,0.17584421513698853,,,,,
327,0.06926354910385914,dice,98,247,,,,,,
328,0.07565058678531512,asymmetric,5,186,0.2354216975197821,,,,,
329,0.07876315810028953,asymmetric,53,267,0.3419627729711753,,,,,
330,0.07718657799912651,cosine,25,50,,,,,,
331,0.016251123305708538,euclidean,44,216,,False,,,False,exp
332,0.07740885372550216,asymmetric,250,236,0.10853514261871083,,,,,
333,0.0770067496295465,asymmetric,69,169,0.4449553738462826,,,,,
334,0.011722001571743601,asymmetric,24,199,1.3204165469820213,,,,,
335,0.07910580195363631,asymmetric,54,291,0.053842189533457985,,,,,
336,0.06833263491681899,asymmetric,34,248,0.6304488133640216,,,,,
337,0.07861542431506789,asymmetric,665,96,0.19499900003397272,,,,,
338,0.04253759145342859,asymmetric,18,229,0.8219089754260256,,,,,
339,0.07673818379172548,asymmetric,86,271,0.37574191940665924,,,,,
340,0.08088909444112329,asymmetric,59,207,0.26909333855773976,,,,,
341,0.07356468947984621,asymmetric,750,59,0.30740283671620783,,,,,
342,0.07685885021974684,asymmetric,6,170,0.23632552874968377,,,,,
343,0.06711567956446499,tversky,43,228,,,1.5144603082608357,0.4736728576554814,,
344,0.07975817304967037,asymmetric,111,189,0.15034850548383807,,,,,
345,0.08137754855795844,asymmetric,32,259,0.27094090497155054,,,,,
346,0.0758473470828803,asymmetric,72,259,0.46094945214436556,,,,,
347,0.08044333572498603,asymmetric,41,292,0.20680640206528667,,,,,
348,0.0668750750228999,jaccard,224,317,,,,,,
349,0.08112780806164023,asymmetric,64,111,0.2614523249216837,,,,,
350,0.08090640066720968,asymmetric,94,94,0.25474807937253036,,,,,
351,0.08005965965135439,asymmetric,71,122,0.3429387940781149,,,,,
352,0.07986436435011753,asymmetric,53,142,0.18550475896998764,,,,,
353,0.010315962904191685,asymmetric,88,106,1.945297454482703,,,,,
354,0.08100946905216455,asymmetric,62,111,0.27424024958628374,,,,,
355,0.07249333964875074,dice,125,70,,,,,,
356,0.08040717351607037,asymmetric,29,151,0.22733768291124282,,,,,
357,0.079742101836833,asymmetric,45,73,0.4194603624380778,,,,,
358,0.07984309806891308,asymmetric,72,162,0.3100639638288103,,,,,
359,0.04736201441653962,euclidean,36,137,,True,,,True,log
360,0.07554223977960292,cosine,60,207,,,,,,
361,0.07710440404411902,asymmetric,25,957,0.15429949232261125,,,,,
362,0.08094436632183183,asymmetric,105,83,0.2597152203319879,,,,,
363,0.07418026326103139,asymmetric,5,739,0.21235434880810566,,,,,
364,0.07697433931616346,asymmetric,49,38,0.4906174254075612,,,,,
365,0.07048379091264907,asymmetric,473,182,0.37126197378650416,,,,,
366,0.07964873721178199,asymmetric,83,220,0.2872409476100358,,,,,
367,0.0809068590198929,asymmetric,34,120,0.32540764123496013,,,,,
368,0.07953728084189059,asymmetric,55,240,0.0965289737920198,,,,,
369,0.08074734874680782,asymmetric,21,199,0.24252125754124795,,,,,
370,0.06610853410109555,tversky,41,476,,,0.9366821979008213,0.8332479943657075,,
371,0.07979896555886748,asymmetric,68,173,0.18755956480247016,,,,,
372,0.08136222634870446,asymmetric,21,226,0.2821219071509075,,,,,
373,0.08059728634254731,asymmetric,19,228,0.3472959689276233,,,,,
374,0.07674692410943379,asymmetric,6,273,0.28401008888826906,,,,,
375,0.036414949753371985,asymmetric,32,247,0.8734725926582221,,,,,
376,0.07025279529500321,asymmetric,5,214,0.5129264264243125,,,,,
377,0.08103531223750382,asymmetric,38,250,0.2291281387821994,,,,,
378,0.07934696391211332,asymmetric,26,226,0.39690421050755753,,,,,
379,0.014548598462471547,asymmetric,52,261,1.4957488987034047,,,,,
380,0.04896476053338485,asymmetric,77,19,0.7041097582692576,,,,,
381,0.0704676356796012,jaccard,21,198,,,,,,
382,0.07991160185457015,asymmetric,54,232,0.3082574827154442,,,,,
383,0.07467837815942502,asymmetric,45,92,0.5526387078594406,,,,,
384,0.0668275778910097,dice,21,415,,,,,,
385,0.07804513010118606,asymmetric,367,59,0.14958528160321682,,,,,
386,0.07528305435548233,cosine,96,211,,,,,,
387,0.07800948082799629,asymmetric,66,258,0.00878338939009271,,,,,
388,0.04954212637119609,euclidean,39,235,,False,,,False,lin
389,0.03472791289912166,asymmetric,22,279,0.8990677253476498,,,,,
390,0.07608631873168116,asymmetric,5,189,0.2604173946329474,,,,,
391,0.08001303867209464,asymmetric,66,106,0.2092559745331372,,,,,
392,0.07915108113850171,asymmetric,42,303,0.34493144241469875,,,,,
393,0.07633185703516478,asymmetric,83,222,0.43353098020306957,,,,,
394,0.07918832777967232,asymmetric,32,525,0.2741943196048163,,,,,
395,0.08029366289000295,asymmetric,54,244,0.17957114179084344,,,,,
396,0.0765084735428079,asymmetric,5,210,0.3118204573994311,,,,,
397,0.06729659949306281,asymmetric,34,278,0.6419287959167967,,,,,
398,0.06718109111957807,asymmetric,926,191,0.25411871861958096,,,,,
399,0.07165189573490392,tversky,64,137,,,0.6440764913305865,1.1446682031546285,,
400,0.08095680706501295,asymmetric,49,246,0.2199677963830487,,,,,
401,0.07358913778624017,asymmetric,115,79,0.05845487591606924,,,,,
402,0.0814460698592258,asymmetric,20,160,0.2970042621548148,,,,,
403,0.08054410855565702,asymmetric,24,164,0.3729435201756624,,,,,
404,0.08089354221071707,asymmetric,23,185,0.3290815348208625,,,,,
405,0.07865515167205825,asymmetric,15,211,0.11180743716884792,,,,,
406,0.08147446753626562,asymmetric,34,177,0.2908637903442094,,,,,
407,0.07098280797935026,jaccard,42,174,,,,,,
408,0.07946123806337427,asymmetric,82,198,0.29672962992613666,,,,,
409,0.07976875170901185,asymmetric,37,160,0.38526100747883946,,,,,
410,0.077184580244209,asymmetric,53,227,0.45528462324925223,,,,,
411,0.08039618249518414,asymmetric,20,185,0.19574439475221905,,,,,
412,0.06969624159466827,dice,35,260,,,,,,
413,0.08120855292992643,asymmetric,69,198,0.24542331246680013,,,,,
414,0.07683485839298239,asymmetric,5,175,0.3372898609161944,,,,,
415,0.07533402748893009,cosine,96,199,,,,,,
416,0.07989382692856967,asymmetric,70,155,0.15191541407086098,,,,,
417,0.04265106590037871,euclidean,81,204,,True,,,True,exp
418,0.07557247037195641,asymmetric,55,215,0.49706127774707765,,,,,
419,0.07547857937284266,asymmetric,5,172,0.23431741613611248,,,,,
420,0.02380529065332143,asymmetric,35,195,0.952161993332483,,,,,
421,0.08027505494291481,asymmetric,62,235,0.2808926333832387,,,,,
422,0.05313788653118838,asymmetric,25,576,0.7953672022408609,,,,,
423,0.02023131836582172,asymmetric,49,219,1.035966030935825,,,,,
424,0.08024359637334917,asymmetric,96,25,0.31123270407576165,,,,,
425,0.08064315033052637,asymmetric,78,148,0.21537478218653466,,,,,
426,0.08062844774719653,asymmetric,35,182,0.1787807981769179,,,,,
427,0.06907955331663006,asymmetric,615,258,0.3590053050094152,,,,,
428,0.06982714865159315,tversky,59,208,,,0.2392945943134237,1.4194377395597626,,
429,0.08099808250586674,asymmetric,23,353,0.2462007881755147,,,,,
430,0.0659643500813037,asymmetric,810,295,0.28643525118210733,,,,,
431,0.07067858952619102,asymmetric,5,229,0.1218374449733764,,,,,
432,0.0790137748622643,asymmetric,49,159,0.39730429803497924,,,,,
433,0.07850721041869307,asymmetric,70,274,0.3245516852476674,,,,,
434,0.07116501655109773,jaccard,36,181,,,,,,
435,0.07224970457558783,asymmetric,422,247,0.2365457391335751,,,,,
436,0.07804759941686777,asymmetric,22,46,0.2669655166917829,,,,,
437,0.015311543994279975,asymmetric,53,197,1.1564993271788877,,,,,
438,0.08103868550497045,asymmetric,85,213,0.2023739230037647,,,,,
439,0.04606539813613159,asymmetric,5,330,0.7656424726298656,,,,,
440,0.06820211077753704,dice,121,254,,,,,,
441,0.06401018818239128,asymmetric,40,227,0.6822780872176554,,,,,
442,0.07024599279130153,asymmetric,589,191,0.29773666203444954,,,,,
443,0.08009647538098946,asymmetric,24,285,0.15881375415730187,,,,,
444,0.075505250775722,cosine,68,144,,,,,,
445,0.07904981598289429,asymmetric,44,236,0.35606984086935034,,,,,
446,0.04892359457878826,euclidean,26,171,,False,,,True,log
447,0.07593664584188248,asymmetric,56,772,0.2552529918422113,,,,,
448,0.07392003009699412,asymmetric,100,662,0.3207662743670364,,,,,
449,0.08037576899796745,asymmetric,20,210,0.21047272114031493,,,,,
450,0.07586271775517488,asymmetric,71,6,0.2854294424923958,,,,,
451,0.07747560175012524,asymmetric,41,273,0.438623050012392,,,,,
452,0.0713659596869334,asymmetric,53,252,0.6011883126860117,,,,,
453,0.07538033476092441,asymmetric,5,444,0.2351276613356689,,,,,
454,0.07959063398957918,asymmetric,34,222,0.0826563268435381,,,,,
455,0.07843475484855797,asymmetric,79,160,0.36628325915526083,,,,,
456,0.07007290927770293,tversky,23,185,,,1.702196559360559,1.0511288686484885,,
457,0.08017016907315555,asymmetric,56,243,0.18494393309593016,,,,,
458,0.08026493081684247,asymmetric,39,303,0.28401359831088696,,,,,
459,0.08082907991045074,asymmetric,20,209,0.322253180125484,,,,,
460,0.06953596668461316,asymmetric,518,265,0.2426243090953909,,,,,
461,0.06742415678387209,jaccard,5,197,,,,,,
462,0.07748362594643872,asymmetric,67,230,0.4058023948881423,,,,,
463,0.07558057499315496,asymmetric,101,144,0.49477881434709703,,,,,
464,0.016813146229350356,asymmetric,42,378,1.6412129795963086,,,,,
465,0.06359426446457828,asymmetric,55,173,0.6819721230502525,,,,,
466,0.07303113978975351,asymmetric,83,53,0.12901944479277538,,,,,
467,0.05158493688377204,asymmetric,26,241,0.7652805158038893,,,,,
468,0.070477769290538,dice,36,212,,,,,,
469,0.08077806955046281,asymmetric,65,132,0.2698932238579764,,,,,
470,0.0744594105926705,cosine,21,284,,,,,,
471,0.06788743684518957,asymmetric,727,257,0.20178104446456677,,,,,
472,0.04039403301512093,euclidean,143,190,,True,,,False,lin
473,0.06289334490573384,asymmetric,5,222,0.6067777814005365,,,,,
474,0.08001349071114727,asymmetric,50,171,0.33035521504949505,,,,,
475,0.06843436217426076,asymmetric,83,25,0.17104912813114803,,,,,
476,0.08106299764243485,asymmetric,36,267,0.23282510149177368,,,,,
477,0.07785723122217382,asymmetric,56,202,0.010639479204987923,,,,,
478,0.081241964821664,asymmetric,22,233,0.2900816666068486,,,,,
479,0.07655345261310768,asymmetric,5,238,0.3533332753775442,,,,,
480,0.0807259552572359,asymmetric,25,234,0.2913583279631262,,,,,
481,0.08062217024397009,asymmetric,22,256,0.3132866715073849,,,,,
482,0.07789456144334045,asymmetric,39,316,0.40497123914089384,,,,,
483,0.0810602467443356,asymmetric,24,216,0.2591650403353961,,,,,
484,0.08119811059946458,asymmetric,47,194,0.2232747821057597,,,,,
485,0.07338745874181993,tversky,60,160,,,1.0772953097718887,1.7659894019475206,,
486,0.08062839408361182,asymmetric,46,189,0.20869168815445208,,,,,
487,0.015312652741733346,asymmetric,990,199,1.18093229315582,,,,,
488,0.02920327181595148,asymmetric,303,182,0.8966007365612652,,,,,
489,0.04191044799665834,asymmetric,65,217,0.8331414559831063,,,,,
490,0.07581799733809491,asymmetric,42,155,0.5154860129018963,,,,,
491,0.02189466580731872,asymmetric,75,180,0.9713861842205935,,,,,
492,0.07642107283698031,asymmetric,5,204,0.28649700281823326,,,,,
493,0.07025061521084627,jaccard,35,229,,,,,,
494,0.059931286485495956,asymmetric,50,161,0.7046027808882742,,,,,
495,0.07793272024756827,asymmetric,22,134,0.13531866544212012,,,,,
496,0.06967198078402875,dice,87,206,,,,,,
497,0.0769573904225401,asymmetric,190,225,0.06549305115113269,,,,,
498,0.0687050623517079,asymmetric,68,177,0.6399883839613685,,,,,
499,0.07555710610513434,cosine,38,247,,,,,,
